/*
SQLyog Ultimate v11.27 (32 bit)
MySQL - 5.6.24 : Database - cms2
*********************************************************************
*/

/*!40101 SET NAMES utf8 */;

/*!40101 SET SQL_MODE=''*/;

/*!40014 SET @OLD_UNIQUE_CHECKS=@@UNIQUE_CHECKS, UNIQUE_CHECKS=0 */;
/*!40014 SET @OLD_FOREIGN_KEY_CHECKS=@@FOREIGN_KEY_CHECKS, FOREIGN_KEY_CHECKS=0 */;
/*!40101 SET @OLD_SQL_MODE=@@SQL_MODE, SQL_MODE='NO_AUTO_VALUE_ON_ZERO' */;
/*!40111 SET @OLD_SQL_NOTES=@@SQL_NOTES, SQL_NOTES=0 */;
CREATE DATABASE /*!32312 IF NOT EXISTS*/`cms2` /*!40100 DEFAULT CHARACTER SET utf8 */;

USE `cms2`;

/*Table structure for table `c_block` */

DROP TABLE IF EXISTS `c_block`;

CREATE TABLE `c_block` (
  `id` char(36) NOT NULL,
  `content` text,
  `c_blocks_id` char(36) DEFAULT NULL,
  `create_time` datetime DEFAULT NULL,
  `default_order` int(5) DEFAULT NULL COMMENT '块的默认顺序',
  `default_style` varchar(100) DEFAULT NULL,
  PRIMARY KEY (`id`)
) ENGINE=InnoDB DEFAULT CHARSET=utf8;

/*Data for the table `c_block` */

insert  into `c_block`(`id`,`content`,`c_blocks_id`,`create_time`,`default_order`,`default_style`) values ('1561ad81-bcdf-11e5-a880-79053797b1e5','<div class=\"c_block fl_rx h300 c2\"></div>','1561ad80-bcdf-11e5-a880-79053797b1e5','2016-01-17 13:56:42',1,'width:50%!important;'),('1561ad82-bcdf-11e5-a880-79053797b1e5','<div class=\"c_block fl_rx h300 c3\"></div>','1561ad80-bcdf-11e5-a880-79053797b1e5','2016-01-17 13:56:42',2,'width:50%!important;'),('1561ad84-bcdf-11e5-a880-79053797b1e5','<div class=\"c_block h300 c6\"></div>','1561ad83-bcdf-11e5-a880-79053797b1e5','2016-01-17 13:56:42',1,NULL),('1561ad86-bcdf-11e5-a880-79053797b1e5','<div class=\"c_block fl_rx h300 c4\"></div>','1561ad85-bcdf-11e5-a880-79053797b1e5','2016-01-17 13:56:42',1,'width:50%!important;'),('1561ad87-bcdf-11e5-a880-79053797b1e5','<div class=\"c_block fl_rx h300 c5\"></div>','1561ad85-bcdf-11e5-a880-79053797b1e5','2016-01-17 13:56:42',2,'width:50%!important;'),('81d21010-bcdd-11e5-a880-79053797b1e5','<div class=\"c_block fl_rx h300 c2\"></div>','81d1e901-bcdd-11e5-a880-79053797b1e5','2016-01-17 13:45:25',1,'width:33%!important;'),('81d21011-bcdd-11e5-a880-79053797b1e5','<div class=\"c_block fl_rx h300 c3\"></div>','81d1e901-bcdd-11e5-a880-79053797b1e5','2016-01-17 13:45:25',2,'width:33%!important;'),('81d21012-bcdd-11e5-a880-79053797b1e5','<div class=\"c_block fl_rx h300 c4\"></div>','81d1e901-bcdd-11e5-a880-79053797b1e5','2016-01-17 13:45:25',3,'width:33%!important;'),('81d28540-bcdd-11e5-a880-79053797b1e5','<div class=\"c_block fl_rx h300 c15\"></div>','81d21013-bcdd-11e5-a880-79053797b1e5','2016-01-17 13:45:25',1,'width:33%!important;'),('81d28541-bcdd-11e5-a880-79053797b1e5','<div class=\"c_block fl_rx h300 c17\"></div>','81d21013-bcdd-11e5-a880-79053797b1e5','2016-01-17 13:45:25',2,'width:33%!important;'),('81d2ac50-bcdd-11e5-a880-79053797b1e5','<div class=\"c_block fl_rx h300 c18\"></div>','81d21013-bcdd-11e5-a880-79053797b1e5','2016-01-17 13:45:25',3,'width:33%!important;'),('9b03d772-bcde-11e5-a880-79053797b1e5','<div class=\"c_block fl_rx h300 c15\"></div>','9b03d771-bcde-11e5-a880-79053797b1e5','2016-01-17 13:53:17',1,'width:50%!important;'),('9b03d773-bcde-11e5-a880-79053797b1e5','<div class=\"c_block fl_rx h300 c3\"></div>','9b03d771-bcde-11e5-a880-79053797b1e5','2016-01-17 13:53:17',2,'width:50%!important;'),('9c031472-bcdd-11e5-a880-79053797b1e5','<div class=\"c_block fl_rx h300 c2\"></div>','9c031471-bcdd-11e5-a880-79053797b1e5','2016-01-17 13:46:09',1,'width:33%!important;'),('9c031473-bcdd-11e5-a880-79053797b1e5','<div class=\"c_block fl_rx h300 c3\"></div>','9c031471-bcdd-11e5-a880-79053797b1e5','2016-01-17 13:46:09',2,'width:33%!important;'),('9c031474-bcdd-11e5-a880-79053797b1e5','<div class=\"c_block fl_rx h300 c4\"></div>','9c031471-bcdd-11e5-a880-79053797b1e5','2016-01-17 13:46:09',3,'width:33%!important;'),('9c033b80-bcdd-11e5-a880-79053797b1e5','<div class=\"c_block fl_rx h300 c15\"></div>','9c031475-bcdd-11e5-a880-79053797b1e5','2016-01-17 13:46:09',1,'width:33%!important;'),('9c033b81-bcdd-11e5-a880-79053797b1e5','<div class=\"c_block fl_rx h300 c17\"></div>','9c031475-bcdd-11e5-a880-79053797b1e5','2016-01-17 13:46:09',2,'width:33%!important;'),('9c033b82-bcdd-11e5-a880-79053797b1e5','<div class=\"c_block fl_rx h300 c18\"></div>','9c031475-bcdd-11e5-a880-79053797b1e5','2016-01-17 13:46:09',3,'width:33%!important;'),('9c033b84-bcdd-11e5-a880-79053797b1e5','<div class=\"c_block fl_rx h300 c3\"></div>','9c033b83-bcdd-11e5-a880-79053797b1e5','2016-01-17 13:46:09',1,'width:33%!important;'),('9c036290-bcdd-11e5-a880-79053797b1e5','<div class=\"c_block fl_rx h300 c4\"></div>','9c033b83-bcdd-11e5-a880-79053797b1e5','2016-01-17 13:46:09',2,'width:33%!important;'),('9c036291-bcdd-11e5-a880-79053797b1e5','<div class=\"c_block fl_rx h300 c1\"></div>','9c033b83-bcdd-11e5-a880-79053797b1e5','2016-01-17 13:46:09',3,'width:33%!important;'),('da0d2630-bcdc-11e5-a880-79053797b1e5','<div class=\"c_block h300 c18\"></div>','da0cff20-bcdc-11e5-a880-79053797b1e5','2016-01-17 13:40:44',1,NULL),('f4721a20-df7e-11e5-9e46-796d7959876a','<div class=\"c_block h300 c1\"></div>','f471f311-df7e-11e5-9e46-796d7959876a','2016-03-01 15:26:46',1,NULL),('f49d262a-df7e-11e5-b982-68f728f3bf19','<div class=\"c_block blocks_move h300 c17\"></div>','f471f310-df7e-11e5-9e46-796d7959876a','2016-03-01 15:26:46',1,NULL),('f9aefd11-bcdc-11e5-a880-79053797b1e5','<div class=\"c_block h300 c18\"></div>','f9aefd10-bcdc-11e5-a880-79053797b1e5','2016-01-17 13:41:37',1,NULL),('f9aefd13-bcdc-11e5-a880-79053797b1e5','<div class=\"c_block fl_rx h300 c2\"></div>','f9aefd12-bcdc-11e5-a880-79053797b1e5','2016-01-17 13:41:37',1,'width:50%!important;'),('f9aefd14-bcdc-11e5-a880-79053797b1e5','<div class=\"c_block fl_rx h300 c3\"></div>','f9aefd12-bcdc-11e5-a880-79053797b1e5','2016-01-17 13:41:37',2,'width:50%!important;');

/*Table structure for table `c_blocks` */

DROP TABLE IF EXISTS `c_blocks`;

CREATE TABLE `c_blocks` (
  `id` char(36) NOT NULL,
  `content` text,
  `c_layout_id` char(36) DEFAULT NULL,
  `create_time` datetime DEFAULT NULL,
  `default_order` int(5) DEFAULT NULL,
  `default_style` varchar(100) DEFAULT NULL,
  PRIMARY KEY (`id`)
) ENGINE=InnoDB DEFAULT CHARSET=utf8;

/*Data for the table `c_blocks` */

insert  into `c_blocks`(`id`,`content`,`c_layout_id`,`create_time`,`default_order`,`default_style`) values ('1561ad80-bcdf-11e5-a880-79053797b1e5','<div class=\"clear_rx blocks_move wrap1200\"></div>','15613850-bcdf-11e5-a880-79053797b1e5','2016-01-17 13:56:42',1,NULL),('1561ad83-bcdf-11e5-a880-79053797b1e5','<div class=\"clear_rx blocks_move wrap1200\"></div>','15613850-bcdf-11e5-a880-79053797b1e5','2016-01-17 13:56:42',2,NULL),('1561ad85-bcdf-11e5-a880-79053797b1e5','<div class=\"clear_rx blocks_move wrap1200\"></div>','15613850-bcdf-11e5-a880-79053797b1e5','2016-01-17 13:56:42',3,NULL),('81d1e901-bcdd-11e5-a880-79053797b1e5','<div class=\"clear_rx blocks_move wrap1200\"></div>','81d1e900-bcdd-11e5-a880-79053797b1e5','2016-01-17 13:45:25',1,NULL),('81d21013-bcdd-11e5-a880-79053797b1e5','<div class=\"clear_rx blocks_move wrap1200\"></div>','81d1e900-bcdd-11e5-a880-79053797b1e5','2016-01-17 13:45:25',2,NULL),('9b03d771-bcde-11e5-a880-79053797b1e5','<div class=\"clear_rx blocks_move wrap1200\"></div>','9b03d770-bcde-11e5-a880-79053797b1e5','2016-01-17 13:53:17',1,NULL),('9c031471-bcdd-11e5-a880-79053797b1e5','<div class=\"clear_rx blocks_move wrap1200\"></div>','9c031470-bcdd-11e5-a880-79053797b1e5','2016-01-17 13:46:09',1,NULL),('9c031475-bcdd-11e5-a880-79053797b1e5','<div class=\"clear_rx blocks_move wrap1200\"></div>','9c031470-bcdd-11e5-a880-79053797b1e5','2016-01-17 13:46:09',2,NULL),('9c033b83-bcdd-11e5-a880-79053797b1e5','<div class=\"clear_rx blocks_move wrap1200\"></div>','9c031470-bcdd-11e5-a880-79053797b1e5','2016-01-17 13:46:09',3,NULL),('da0cff20-bcdc-11e5-a880-79053797b1e5','<div class=\"clear_rx blocks_move wrap1200\"></div>','da0cb100-bcdc-11e5-a880-79053797b1e5','2016-01-17 13:40:44',1,NULL),('f471f310-df7e-11e5-9e46-796d7959876a',NULL,'f471cc00-df7e-11e5-9e46-796d7959876a','2016-03-01 15:26:46',1,NULL),('f471f311-df7e-11e5-9e46-796d7959876a','<div class=\"clear_rx blocks_move wrap1200\"></div>','f471cc00-df7e-11e5-9e46-796d7959876a','2016-03-01 15:26:46',2,NULL),('f9aefd10-bcdc-11e5-a880-79053797b1e5','<div class=\"clear_rx blocks_move wrap1200\"></div>','f9aed600-bcdc-11e5-a880-79053797b1e5','2016-01-17 13:41:37',1,NULL),('f9aefd12-bcdc-11e5-a880-79053797b1e5','<div class=\"clear_rx blocks_move wrap1200\"></div>','f9aed600-bcdc-11e5-a880-79053797b1e5','2016-01-17 13:41:37',2,NULL);

/*Table structure for table `c_data` */

DROP TABLE IF EXISTS `c_data`;

CREATE TABLE `c_data` (
  `id` char(36) NOT NULL,
  `c_model_id` char(36) DEFAULT NULL,
  `c_floor_id` char(36) DEFAULT NULL,
  `c_floor_model_id` char(72) DEFAULT NULL,
  `data` text,
  `connect_time` datetime DEFAULT NULL COMMENT '建立关联关系的时间，取时间最新的值',
  PRIMARY KEY (`id`)
) ENGINE=InnoDB DEFAULT CHARSET=utf8;

/*Data for the table `c_data` */

insert  into `c_data`(`id`,`c_model_id`,`c_floor_id`,`c_floor_model_id`,`data`,`connect_time`) values ('310390bc-deb5-11e5-8716-68f728f3bf19','261ed9bd-deb5-11e5-8716-68f728f3bf19','2db6a6e0-deb5-11e5-91a7-61e72a14d8c7','2db6a6e0-deb5-11e5-91a7-61e72a14d8c7261ed9bd-deb5-11e5-8716-68f728f3bf19','{\"zone_item_list\":[{\"zone_id\":\"1\",\"title\":{\"value\":\"乐檬k31\",\"type\":\"text\",\"title\":\"标题\",\"key\":\"title\"},\"description\":{\"value\":\"千元性价比新选择\",\"type\":\"text\",\"title\":\"描述\",\"key\":\"description\"},\"price\":{\"value\":\"700\",\"type\":\"text\",\"title\":\"价格\",\"key\":\"price\"},\"bg_imgurl\":{\"value\":\"/images/upload/QQ图片20160229155512.png\",\"type\":\"img\",\"title\":\"背景图片\",\"height\":100,\"width\":200,\"size\":30,\"input_id\":\"bg_img\",\"key\":\"bg_imgurl\"},\"product_imgurl\":{\"value\":\"/images/upload/lenovo-phone01.jpg\",\"type\":\"img\",\"title\":\"实物图片\",\"height\":100,\"width\":200,\"size\":30,\"input_id\":\"product_img\",\"key\":\"product_imgurl\"}},{\"zone_id\":\"2\",\"title\":{\"value\":\"乐檬k3x\",\"type\":\"text\",\"title\":\"标题\",\"key\":\"title\"},\"description\":{\"value\":\"千元性价比新选择123\",\"type\":\"text\",\"title\":\"描述\",\"key\":\"description\"},\"price\":{\"value\":\"705\",\"type\":\"text\",\"title\":\"价格\",\"key\":\"price\"},\"bg_imgurl\":{\"value\":\"/images/upload/QQ图片20160229160321.png\",\"type\":\"img\",\"title\":\"背景图片\",\"height\":100,\"width\":200,\"size\":30,\"input_id\":\"bg_img\",\"key\":\"bg_imgurl\"},\"product_imgurl\":{\"value\":\"/images/upload/QQ图片20160229160419.png\",\"type\":\"img\",\"title\":\"实物图片\",\"height\":100,\"width\":200,\"size\":30,\"input_id\":\"product_img\",\"key\":\"product_imgurl\"}},{\"zone_id\":\"3\",\"title\":{\"value\":\"乐檬k33\",\"type\":\"text\",\"title\":\"标题\",\"key\":\"title\"},\"description\":{\"value\":\"千元性价比新选择\",\"type\":\"text\",\"title\":\"描述\",\"key\":\"description\"},\"price\":{\"value\":\"699\",\"type\":\"text\",\"title\":\"价格\",\"key\":\"price\"},\"bg_imgurl\":{\"value\":\"/images/upload/QQ图片20160229160536.png\",\"type\":\"img\",\"title\":\"背景图片\",\"height\":100,\"width\":200,\"size\":30,\"input_id\":\"bg_img\",\"key\":\"bg_imgurl\"},\"product_imgurl\":{\"value\":\"/images/upload/QQ图片20160229160615.png\",\"type\":\"img\",\"title\":\"实物图片\",\"height\":100,\"width\":200,\"size\":30,\"input_id\":\"product_img\",\"key\":\"product_imgurl\"}},{\"zone_id\":\"4\",\"title\":{\"value\":\"乐檬k34\",\"type\":\"text\",\"title\":\"标题\",\"key\":\"title\"},\"description\":{\"value\":\"千元性价比新选择\",\"type\":\"text\",\"title\":\"描述\",\"key\":\"description\"},\"price\":{\"value\":\"699\",\"type\":\"text\",\"title\":\"价格\",\"key\":\"price\"},\"bg_imgurl\":{\"value\":\"/images/upload/QQ图片20160229160756.png\",\"type\":\"img\",\"title\":\"背景图片\",\"height\":100,\"width\":200,\"size\":30,\"input_id\":\"bg_img\",\"key\":\"bg_imgurl\"},\"product_imgurl\":{\"value\":\"/images/upload/QQ图片20160229160833.png\",\"type\":\"img\",\"title\":\"实物图片\",\"height\":100,\"width\":200,\"size\":30,\"input_id\":\"product_img\",\"key\":\"product_imgurl\"}}]}','2016-02-29 16:13:56'),('382e8e2d-dec9-11e5-8716-68f728f3bf19','1e2a31fe-dec9-11e5-8716-68f728f3bf19','27170140-dec9-11e5-868b-7164265838aa','27170140-dec9-11e5-868b-7164265838aa1e2a31fe-dec9-11e5-8716-68f728f3bf19',NULL,'2016-02-29 17:45:51'),('40e5c13c-dec0-11e5-8716-68f728f3bf19','d7798623-debf-11e5-8716-68f728f3bf19','e1fcd070-debf-11e5-868b-7164265838aa','e1fcd070-debf-11e5-868b-7164265838aad7798623-debf-11e5-8716-68f728f3bf19','{\"bg_imgurl\":{\"value\":\"/images/upload/QQ图片20160229162435.png\",\"type\":\"img\",\"title\":\"图片链接\",\"height\":100,\"width\":200,\"size\":30,\"input_id\":\"bg_img\",\"key\":\"bg_imgurl\"},\"href\":{\"value\":\"http://www.sohu.com\",\"type\":\"text\",\"title\":\"href\",\"key\":\"href\"},\"new_open\":{\"value\":\"1\",\"type\":\"selection\",\"title\":\"是否新窗口打开\",\"options\":[{\"key\":1,\"value\":\"是\"},{\"key\":2,\"value\":\"否\"}],\"key\":\"new_open\"}}','2016-02-29 16:44:35'),('61393e10-df86-11e5-b982-68f728f3bf19','d7798623-debf-11e5-8716-68f728f3bf19','9e3a1840-df85-11e5-a0de-d3bbb37ea1ac','9e3a1840-df85-11e5-a0de-d3bbb37ea1acd7798623-debf-11e5-8716-68f728f3bf19','{\"bg_imgurl\":{\"value\":\"/images/upload/QQ图片20160229165229.png\",\"type\":\"img\",\"title\":\"图片链接\",\"height\":100,\"width\":200,\"size\":30,\"input_id\":\"bg_img\",\"key\":\"bg_imgurl\"},\"href\":{\"value\":\"700\",\"type\":\"text\",\"title\":\"href\",\"key\":\"href\"},\"new_open\":{\"value\":\"1\",\"type\":\"selection\",\"title\":\"是否新窗口打开\",\"options\":[{\"key\":1,\"value\":\"是\"},{\"key\":2,\"value\":\"否\"}],\"key\":\"new_open\"}}','2016-03-01 16:20:08'),('74adff95-df86-11e5-b982-68f728f3bf19','9be916d1-dec6-11e5-8716-68f728f3bf19','6e5eb3a0-df86-11e5-a0de-d3bbb37ea1ac','6e5eb3a0-df86-11e5-a0de-d3bbb37ea1ac9be916d1-dec6-11e5-8716-68f728f3bf19','{\"zone_item_list\":[{\"zone_id\":\"1\",\"title\":{\"value\":\"联想智能手环\",\"type\":\"text\",\"title\":\"标题\",\"key\":\"title\"},\"description\":{\"value\":\"颜值爆表 手环界的小鲜肉\",\"type\":\"text\",\"title\":\"描述\",\"key\":\"description\"},\"price\":{\"value\":\"699\",\"type\":\"text\",\"title\":\"价格\",\"key\":\"price\"},\"product_imgurl\":{\"value\":\"/images/upload/QQ图片20160229172432.png\",\"type\":\"img\",\"title\":\"实物图片\",\"height\":100,\"width\":200,\"size\":30,\"input_id\":\"product_img\",\"key\":\"product_imgurl\"},\"href\":{\"value\":\"700\",\"type\":\"text\",\"title\":\"href\",\"key\":\"href\"},\"new_open\":{\"value\":\"1\",\"type\":\"selection\",\"title\":\"是否新窗口打开\",\"options\":[{\"key\":1,\"value\":\"是\"},{\"key\":2,\"value\":\"否\"}],\"key\":\"new_open\"}},{\"zone_id\":\"2\",\"title\":{\"value\":\"联想乐檬OVC耳机\",\"type\":\"text\",\"title\":\"标题\",\"key\":\"title\"},\"description\":{\"value\":\"乐享轻音 檬动初心\",\"type\":\"text\",\"title\":\"描述\",\"key\":\"description\"},\"price\":{\"value\":\"129\",\"type\":\"text\",\"title\":\"价格\",\"key\":\"price\"},\"product_imgurl\":{\"value\":\"/images/upload/QQ图片20160229172451.png\",\"type\":\"img\",\"title\":\"实物图片\",\"height\":100,\"width\":200,\"size\":30,\"input_id\":\"product_img\",\"key\":\"product_imgurl\"},\"href\":{\"value\":\"700\",\"type\":\"text\",\"title\":\"href\",\"key\":\"href\"},\"new_open\":{\"value\":\"1\",\"type\":\"selection\",\"title\":\"是否新窗口打开\",\"options\":[{\"key\":1,\"value\":\"是\"},{\"key\":2,\"value\":\"否\"}],\"key\":\"new_open\"}},{\"zone_id\":\"3\",\"title\":{\"value\":\"Jabra蓝牙耳机\",\"type\":\"text\",\"title\":\"标题\",\"key\":\"title\"},\"description\":{\"value\":\"舒适佩戴 语音导航 可同时与两部手机配对\",\"type\":\"text\",\"title\":\"描述\",\"key\":\"description\"},\"price\":{\"value\":\"399\",\"type\":\"text\",\"title\":\"价格\",\"key\":\"price\"},\"product_imgurl\":{\"value\":\"/images/upload/QQ图片20160229172508.png\",\"type\":\"img\",\"title\":\"实物图片\",\"height\":100,\"width\":200,\"size\":30,\"input_id\":\"product_img\",\"key\":\"product_imgurl\"},\"href\":{\"value\":\"700\",\"type\":\"text\",\"title\":\"href\",\"key\":\"href\"},\"new_open\":{\"value\":\"1\",\"type\":\"selection\",\"title\":\"是否新窗口打开\",\"options\":[{\"key\":1,\"value\":\"是\"},{\"key\":2,\"value\":\"否\"}],\"key\":\"new_open\"}},{\"zone_id\":\"4\",\"title\":{\"value\":\"小新移动电源\",\"type\":\"text\",\"title\":\"标题\",\"key\":\"title\"},\"description\":{\"value\":\"智能匹配99%以上的手机和平板电脑\",\"type\":\"text\",\"title\":\"描述\",\"key\":\"description\"},\"price\":{\"value\":\"99\",\"type\":\"text\",\"title\":\"价格\",\"key\":\"price\"},\"product_imgurl\":{\"value\":\"/images/upload/QQ图片20160229172529.png\",\"type\":\"img\",\"title\":\"实物图片\",\"height\":100,\"width\":200,\"size\":30,\"input_id\":\"product_img\",\"key\":\"product_imgurl\"},\"href\":{\"value\":\"700\",\"type\":\"text\",\"title\":\"href\",\"key\":\"href\"},\"new_open\":{\"value\":\"1\",\"type\":\"selection\",\"title\":\"是否新窗口打开\",\"options\":[{\"key\":1,\"value\":\"是\"},{\"key\":2,\"value\":\"否\"}],\"key\":\"new_open\"}}]}','2016-03-01 16:23:03'),('840fe002-df8b-11e5-b982-68f728f3bf19','70b72c9b-df8b-11e5-b982-68f728f3bf19','7ddea6a0-df8b-11e5-a0de-d3bbb37ea1ac','7ddea6a0-df8b-11e5-a0de-d3bbb37ea1ac70b72c9b-df8b-11e5-b982-68f728f3bf19',NULL,'2016-03-01 16:56:41'),('98e1aebb-dec1-11e5-8716-68f728f3bf19','d7798623-debf-11e5-8716-68f728f3bf19','92faea00-dec1-11e5-868b-7164265838aa','92faea00-dec1-11e5-868b-7164265838aad7798623-debf-11e5-8716-68f728f3bf19','{\"bg_imgurl\":{\"value\":\"/images/upload/QQ图片20160229165229.png\",\"type\":\"img\",\"title\":\"图片链接\",\"height\":100,\"width\":200,\"size\":30,\"input_id\":\"bg_img\",\"key\":\"bg_imgurl\"},\"href\":{\"value\":\"http://www.baidu.com\",\"type\":\"text\",\"title\":\"href\",\"key\":\"href\"},\"new_open\":{\"value\":\"2\",\"type\":\"selection\",\"title\":\"是否新窗口打开\",\"options\":[{\"key\":1,\"value\":\"是\"},{\"key\":2,\"value\":\"否\"}],\"key\":\"new_open\"}}','2016-02-29 16:53:08'),('a791860f-dec6-11e5-8716-68f728f3bf19','9be916d1-dec6-11e5-8716-68f728f3bf19','a2ed74f0-dec6-11e5-868b-7164265838aa','a2ed74f0-dec6-11e5-868b-7164265838aa9be916d1-dec6-11e5-8716-68f728f3bf19','{\"zone_item_list\":[{\"zone_id\":\"1\",\"title\":{\"value\":\"联想智能手环\",\"type\":\"text\",\"title\":\"标题\",\"key\":\"title\"},\"description\":{\"value\":\"颜值爆表  手环界的小鲜肉\",\"type\":\"text\",\"title\":\"描述\",\"key\":\"description\"},\"price\":{\"value\":\"699\",\"type\":\"text\",\"title\":\"价格\",\"key\":\"price\"},\"product_imgurl\":{\"value\":\"/images/upload/QQ图片20160229172432.png\",\"type\":\"img\",\"title\":\"实物图片\",\"height\":100,\"width\":200,\"size\":30,\"input_id\":\"product_img\",\"key\":\"product_imgurl\"},\"href\":{\"value\":\"http://www.sina.com.cn\",\"type\":\"text\",\"title\":\"href\",\"key\":\"href\"},\"new_open\":{\"value\":\"1\",\"type\":\"selection\",\"title\":\"是否新窗口打开\",\"options\":[{\"key\":1,\"value\":\"是\"},{\"key\":2,\"value\":\"否\"}],\"key\":\"new_open\"}},{\"zone_id\":\"2\",\"title\":{\"value\":\"联想乐檬OVC耳机\",\"type\":\"text\",\"title\":\"标题\",\"key\":\"title\"},\"description\":{\"value\":\"乐享轻音 檬动初心\",\"type\":\"text\",\"title\":\"描述\",\"key\":\"description\"},\"price\":{\"value\":\"129\",\"type\":\"text\",\"title\":\"价格\",\"key\":\"price\"},\"product_imgurl\":{\"value\":\"/images/upload/QQ图片20160229172451.png\",\"type\":\"img\",\"title\":\"实物图片\",\"height\":100,\"width\":200,\"size\":30,\"input_id\":\"product_img\",\"key\":\"product_imgurl\"},\"href\":{\"value\":\"http://www.baidu.com\",\"type\":\"text\",\"title\":\"href\",\"key\":\"href\"},\"new_open\":{\"value\":\"1\",\"type\":\"selection\",\"title\":\"是否新窗口打开\",\"options\":[{\"key\":1,\"value\":\"是\"},{\"key\":2,\"value\":\"否\"}],\"key\":\"new_open\"}},{\"zone_id\":\"3\",\"title\":{\"value\":\"Jabra蓝牙耳机\",\"type\":\"text\",\"title\":\"标题\",\"key\":\"title\"},\"description\":{\"value\":\"舒适佩戴 语音导航 可同时与两部手机配对\",\"type\":\"text\",\"title\":\"描述\",\"key\":\"description\"},\"price\":{\"value\":\"399\",\"type\":\"text\",\"title\":\"价格\",\"key\":\"price\"},\"product_imgurl\":{\"value\":\"/images/upload/QQ图片20160229172508.png\",\"type\":\"img\",\"title\":\"实物图片\",\"height\":100,\"width\":200,\"size\":30,\"input_id\":\"product_img\",\"key\":\"product_imgurl\"},\"href\":{\"value\":\"http://www.hao123.com\",\"type\":\"text\",\"title\":\"href\",\"key\":\"href\"},\"new_open\":{\"value\":\"1\",\"type\":\"selection\",\"title\":\"是否新窗口打开\",\"options\":[{\"key\":1,\"value\":\"是\"},{\"key\":2,\"value\":\"否\"}],\"key\":\"new_open\"}},{\"zone_id\":\"4\",\"title\":{\"value\":\"小新移动电源\",\"type\":\"text\",\"title\":\"标题\",\"key\":\"title\"},\"description\":{\"value\":\"智能匹配99%以上的手机和平板电脑\",\"type\":\"text\",\"title\":\"描述\",\"key\":\"description\"},\"price\":{\"value\":\"99\",\"type\":\"text\",\"title\":\"价格\",\"key\":\"price\"},\"product_imgurl\":{\"value\":\"/images/upload/QQ图片20160229172529.png\",\"type\":\"img\",\"title\":\"实物图片\",\"height\":100,\"width\":200,\"size\":30,\"input_id\":\"product_img\",\"key\":\"product_imgurl\"},\"href\":{\"value\":\"http://www.sohu.com\",\"type\":\"text\",\"title\":\"href\",\"key\":\"href\"},\"new_open\":{\"value\":\"1\",\"type\":\"selection\",\"title\":\"是否新窗口打开\",\"options\":[{\"key\":1,\"value\":\"是\"},{\"key\":2,\"value\":\"否\"}],\"key\":\"new_open\"}}]}','2016-02-29 17:43:09'),('c698924b-df80-11e5-b982-68f728f3bf19','1e2a31fe-dec9-11e5-8716-68f728f3bf19','4ba78aa0-df7f-11e5-9e46-796d7959876a','4ba78aa0-df7f-11e5-9e46-796d7959876a1e2a31fe-dec9-11e5-8716-68f728f3bf19','{\"imgs\":{\"thead_ths\":[{\"title\":\"是否新窗口打开\",\"width_bz\":1,\"type\":\"selection\",\"options\":\"[{key:1,value:\'是\'},{key:2,value:\'否\'}]\",\"default_v\":2},{\"title\":\"链接\",\"width_bz\":1,\"type\":\"text\",\"default_v\":\"http://www.lenovo.com.cn\"},{\"title\":\"顺序\",\"width_bz\":1,\"type\":\"text\",\"order_col\":true,\"default_v\":1},{\"title\":\"图片\",\"width_bz\":5,\"type\":\"img\",\"height\":100,\"width\":200,\"size\":30,\"input_id\":\"aaa\",\"default_v\":\"http://pic.shop.lenovo.com.cn/g1/M00/01/4A/CmBZEFaXWu2Acc00AAF_K3-N-gw384.jpg\"},{\"title\":\"背景色\",\"width_bz\":1,\"type\":\"text\",\"default_v\":\"#ffffff\"}],\"values\":[[{\"value\":\"2\",\"title\":\"是否新窗口打开\"},{\"value\":\"http://www.lenovo.com.cn\",\"title\":\"链接\"},{\"value\":\"1\",\"title\":\"顺序\"},{\"value\":\"/images/upload/e957e8b8-42ba-4f85-9069-a84815b15353.jpg\",\"title\":\"图片\"},{\"value\":\"#a458f3\",\"title\":\"背景色\"}],[{\"value\":\"1\",\"title\":\"是否新窗口打开\"},{\"value\":\"http://www.lenovo.com.cn\",\"title\":\"链接\"},{\"value\":\"3\",\"title\":\"顺序\"},{\"value\":\"http://pic.shop.lenovo.com.cn/g1/M00/01/51/CmBZEFach9CASdQpAAF7jqqwsQM530.jpg\",\"title\":\"图片\"},{\"value\":\"orange\",\"title\":\"背景色\"}],[{\"value\":\"2\",\"title\":\"是否新窗口打开\"},{\"value\":\"http://www.lenovo.com.cn\",\"title\":\"链接\"},{\"value\":\"4\",\"title\":\"顺序\"},{\"value\":\"http://pic.shop.lenovo.com.cn/g1/M00/01/36/CmBZD1aE4biAVEW7AAEKzgPExeY346.jpg\",\"title\":\"图片\"},{\"value\":\"#389f24\",\"title\":\"背景色\"}]],\"type\":\"list\",\"has_img\":true,\"title\":\"xxx\",\"key\":\"imgs\"}}','2016-03-01 16:14:17'),('d068732a-df85-11e5-b982-68f728f3bf19','d7798623-debf-11e5-8716-68f728f3bf19','a16fa0c0-df85-11e5-a0de-d3bbb37ea1ac','a16fa0c0-df85-11e5-a0de-d3bbb37ea1acd7798623-debf-11e5-8716-68f728f3bf19','{\"bg_imgurl\":{\"value\":\"/images/upload/QQ图片20160229162435.png\",\"type\":\"img\",\"title\":\"图片链接\",\"height\":100,\"width\":200,\"size\":30,\"input_id\":\"bg_img\",\"key\":\"bg_imgurl\"},\"href\":{\"value\":\"http://www.baidu.com\",\"type\":\"text\",\"title\":\"href\",\"key\":\"href\"},\"new_open\":{\"value\":\"1\",\"type\":\"selection\",\"title\":\"是否新窗口打开\",\"options\":[{\"key\":1,\"value\":\"是\"},{\"key\":2,\"value\":\"否\"}],\"key\":\"new_open\"}}','2016-03-01 16:16:15'),('e63525d1-df85-11e5-b982-68f728f3bf19','261ed9bd-deb5-11e5-8716-68f728f3bf19','9fa05f00-df85-11e5-a0de-d3bbb37ea1ac','9fa05f00-df85-11e5-a0de-d3bbb37ea1ac261ed9bd-deb5-11e5-8716-68f728f3bf19','{\"zone_item_list\":[{\"zone_id\":\"1\",\"title\":{\"value\":\"乐檬k31\",\"type\":\"text\",\"title\":\"标题\",\"key\":\"title\"},\"description\":{\"value\":\"千元性价比新选择\",\"type\":\"text\",\"title\":\"描述\",\"key\":\"description\"},\"price\":{\"value\":\"699\",\"type\":\"text\",\"title\":\"价格\",\"key\":\"price\"},\"bg_imgurl\":{\"value\":\"/images/upload/QQ图片20160229155512.png\",\"type\":\"img\",\"title\":\"背景图片\",\"height\":100,\"width\":200,\"size\":30,\"input_id\":\"bg_img\",\"key\":\"bg_imgurl\"},\"product_imgurl\":{\"value\":\"/images/upload/lenovo-phone01.jpg\",\"type\":\"img\",\"title\":\"实物图片\",\"height\":100,\"width\":200,\"size\":30,\"input_id\":\"product_img\",\"key\":\"product_imgurl\"}},{\"zone_id\":\"2\",\"title\":{\"value\":\"乐檬k3增强版\",\"type\":\"text\",\"title\":\"标题\",\"key\":\"title\"},\"description\":{\"value\":\"千元性价比新选择\",\"type\":\"text\",\"title\":\"描述\",\"key\":\"description\"},\"price\":{\"value\":\"699\",\"type\":\"text\",\"title\":\"价格\",\"key\":\"price\"},\"bg_imgurl\":{\"value\":\"/images/upload/QQ图片20160229160321.png\",\"type\":\"img\",\"title\":\"背景图片\",\"height\":100,\"width\":200,\"size\":30,\"input_id\":\"bg_img\",\"key\":\"bg_imgurl\"},\"product_imgurl\":{\"value\":\"/images/upload/QQ图片20160229160419.png\",\"type\":\"img\",\"title\":\"实物图片\",\"height\":100,\"width\":200,\"size\":30,\"input_id\":\"product_img\",\"key\":\"product_imgurl\"}},{\"zone_id\":\"3\",\"title\":{\"value\":\"乐檬 k3 Note\",\"type\":\"text\",\"title\":\"标题\",\"key\":\"title\"},\"description\":{\"value\":\"重新定义千元机\",\"type\":\"text\",\"title\":\"描述\",\"key\":\"description\"},\"price\":{\"value\":\"799\",\"type\":\"text\",\"title\":\"价格\",\"key\":\"price\"},\"bg_imgurl\":{\"value\":\"/images/upload/QQ图片20160229160536.png\",\"type\":\"img\",\"title\":\"背景图片\",\"height\":100,\"width\":200,\"size\":30,\"input_id\":\"bg_img\",\"key\":\"bg_imgurl\"},\"product_imgurl\":{\"value\":\"/images/upload/QQ图片20160229160615.png\",\"type\":\"img\",\"title\":\"实物图片\",\"height\":100,\"width\":200,\"size\":30,\"input_id\":\"product_img\",\"key\":\"product_imgurl\"}},{\"zone_id\":\"4\",\"title\":{\"value\":\"VIBE Shot 大拍\",\"type\":\"text\",\"title\":\"标题\",\"key\":\"title\"},\"description\":{\"value\":\"让每个瞬间都能美好永存\",\"type\":\"text\",\"title\":\"描述\",\"key\":\"description\"},\"price\":{\"value\":\"1799\",\"type\":\"text\",\"title\":\"价格\",\"key\":\"price\"},\"bg_imgurl\":{\"value\":\"/images/upload/QQ图片20160229160756.png\",\"type\":\"img\",\"title\":\"背景图片\",\"height\":100,\"width\":200,\"size\":30,\"input_id\":\"bg_img\",\"key\":\"bg_imgurl\"},\"product_imgurl\":{\"value\":\"/images/upload/QQ图片20160229160833.png\",\"type\":\"img\",\"title\":\"实物图片\",\"height\":100,\"width\":200,\"size\":30,\"input_id\":\"product_img\",\"key\":\"product_imgurl\"}}]}','2016-03-01 16:19:25');

/*Table structure for table `c_floor` */

DROP TABLE IF EXISTS `c_floor`;

CREATE TABLE `c_floor` (
  `id` char(36) NOT NULL,
  `content` text,
  `c_block_id` char(36) DEFAULT NULL,
  `create_time` datetime DEFAULT NULL,
  PRIMARY KEY (`id`)
) ENGINE=InnoDB DEFAULT CHARSET=utf8;

/*Data for the table `c_floor` */

insert  into `c_floor`(`id`,`content`,`c_block_id`,`create_time`) values ('27170140-dec9-11e5-868b-7164265838aa','<div class=\"c_floor h200 c12\"></div>','da0d2630-bcdc-11e5-a880-79053797b1e5','2016-02-29 17:45:23'),('2db6a6e0-deb5-11e5-91a7-61e72a14d8c7','<div class=\"c_floor h200 c1\"></div>','da0d2630-bcdc-11e5-a880-79053797b1e5','2016-02-29 15:22:24'),('4ba78aa0-df7f-11e5-9e46-796d7959876a','<div class=\"c_floor h200 c16\"></div>','f49d262a-df7e-11e5-b982-68f728f3bf19','2016-03-01 15:29:12'),('6e5eb3a0-df86-11e5-a0de-d3bbb37ea1ac','<div class=\"c_floor h200 c13\"></div>','f4721a20-df7e-11e5-9e46-796d7959876a','2016-03-01 16:20:17'),('7ddea6a0-df8b-11e5-a0de-d3bbb37ea1ac','<div class=\"c_floor h200 c1\"></div>','f4721a20-df7e-11e5-9e46-796d7959876a','2016-03-01 16:56:30'),('92faea00-dec1-11e5-868b-7164265838aa','<div class=\"c_floor h200 c4\"></div>','da0d2630-bcdc-11e5-a880-79053797b1e5','2016-02-29 16:51:08'),('9e3a1840-df85-11e5-a0de-d3bbb37ea1ac','<div class=\"c_floor h200 c3\"></div>','f4721a20-df7e-11e5-9e46-796d7959876a','2016-03-01 16:14:28'),('9fa05f00-df85-11e5-a0de-d3bbb37ea1ac','<div class=\"c_floor h200 c8\"></div>','f4721a20-df7e-11e5-9e46-796d7959876a','2016-03-01 16:14:30'),('a16fa0c0-df85-11e5-a0de-d3bbb37ea1ac','<div class=\"c_floor h200 c14\"></div>','f4721a20-df7e-11e5-9e46-796d7959876a','2016-03-01 16:14:33'),('a2ed74f0-dec6-11e5-868b-7164265838aa','<div class=\"c_floor h200 c8\"></div>','da0d2630-bcdc-11e5-a880-79053797b1e5','2016-02-29 17:27:22'),('e1fcd070-debf-11e5-868b-7164265838aa','<div class=\"c_floor h200 c8\"></div>','da0d2630-bcdc-11e5-a880-79053797b1e5','2016-02-29 16:39:01');

/*Table structure for table `c_generate_html_config` */

DROP TABLE IF EXISTS `c_generate_html_config`;

CREATE TABLE `c_generate_html_config` (
  `id` char(36) NOT NULL,
  `c_page_id` char(36) DEFAULT NULL,
  `c_layout_id` char(36) DEFAULT NULL,
  `edit_page_url` varchar(100) DEFAULT NULL COMMENT '编辑地址',
  `page_url` varchar(100) DEFAULT NULL COMMENT '正式地址',
  `prev_view_url` varchar(100) DEFAULT NULL COMMENT '预览地址',
  `create_time` datetime DEFAULT NULL,
  `last_edit_time` datetime DEFAULT NULL,
  PRIMARY KEY (`id`)
) ENGINE=InnoDB DEFAULT CHARSET=utf8;

/*Data for the table `c_generate_html_config` */

insert  into `c_generate_html_config`(`id`,`c_page_id`,`c_layout_id`,`edit_page_url`,`page_url`,`prev_view_url`,`create_time`,`last_edit_time`) values ('457a8ddc-df7f-11e5-b982-68f728f3bf19','4552e7d0-df7f-11e5-9e46-796d7959876a','f471cc00-df7e-11e5-9e46-796d7959876a','/mbg/prev_sec.html','/mbg/mbg_index.html','/mbg/edit_sec.html','2016-03-01 15:29:02','2016-03-01 15:29:02'),('eecd0a9a-deb1-11e5-8716-68f728f3bf19','eeb2efb0-deb1-11e5-91a7-61e72a14d8c7','da0cb100-bcdc-11e5-a880-79053797b1e5','/mbg/edit.html','/mbg/mbg_index.html','/mbg/prevview.html','2016-02-29 14:59:10','2016-03-01 15:21:19');

/*Table structure for table `c_layout` */

DROP TABLE IF EXISTS `c_layout`;

CREATE TABLE `c_layout` (
  `id` char(36) NOT NULL,
  `name` varchar(80) DEFAULT NULL,
  `content` text,
  `img_data` varchar(5800) DEFAULT NULL,
  `create_time` datetime DEFAULT NULL,
  `edit_model` text COMMENT '布局的编辑模型',
  `last_edit_time` datetime DEFAULT NULL,
  `valid` int(1) DEFAULT '1' COMMENT '1:合法，2:禁用',
  `type` int(1) DEFAULT '2' COMMENT '1:系统布局，2:用户定义',
  PRIMARY KEY (`id`)
) ENGINE=InnoDB DEFAULT CHARSET=utf8;

/*Data for the table `c_layout` */

insert  into `c_layout`(`id`,`name`,`content`,`img_data`,`create_time`,`edit_model`,`last_edit_time`,`valid`,`type`) values ('15613850-bcdf-11e5-a880-79053797b1e5','五宫格布局','<div class=\"cntr\"></div>','data:image/png;base64,iVBORw0KGgoAAAANSUhEUgAAAMgAAAB4CAYAAAC3kr3rAAAEE0lEQVR4Xu3dobWWZxQFYVCUkA7SQlwawQURR3xkSsAjEdSApAQUJcTHk3VrmE/sdXiu32fdd+Yf/b1+9fDfb9/+/vHwyZ/q3J9vfvmp3vv0Y//49a/XT9589NjLPyaQpkcgjZ9AGr/5tUCaIoE0fvNrgTRFAmn85tcCaYoE0vjNrwXSFAmk8ZtfC6QpEkjjN78WSFMkkMZvfi2Qpkggjd/8WiBNkUAav/m1QJoigTR+82uBNEUCafzm1wJpigTS+M2vBdIUCaTxm18LpCkSSOM3vxZIUySQxm9+LZCmSCCN3/xaIE2RQBq/+bVAmiKBNH7za4E0RQJp/ObXAmmKBNL4za8F0hQJpPGbXwukKRJI4ze/FkhTJJDGb34tkKZIII3f/FogTZFAGr/5tUCaIoE0fvNrgTRFAmn85tcCaYoE0vjNrwXSFAmk8ZtfC6QpEkjjN78WSFMkkMZvfi2Qpkggjd/8WiBNkUAav/m1QJoigTR+82uBNEUCafzm1wJpigTS+M2vBdIUCaTxm18LpCkSSOM3vxZIUzQfyKePH3wnvTm2DgTevnv/6KfNHz328i6BBLummYBAMkIHLhMQyGW73pYJCCQjdOAyAYFctuttmYBAMkIHLhMQyGW73pYJCCQjdOAyAYFctuttmYBAMkIHLhMQyGW73pYJCCQjdOAyAYFctuttmYBAMkIHLhMQyGW73pYJCCQjdOAyAYFctuttmYBAMkIHLhMQyGW73pYJCCQjdOAyAYFctuttmYBAMkIHLhMQyGW73pYJCCQjdOAyAYFctuttmYBAMkIHLhMQyGW73pYJCCQjdOAyAYFctuttmYBAMkIHLhMQyGW73pYJCCQjdOAyAYFctuttmYBAMkIHLhMQyGW73pYJCCQjdOAyAYFctuttmYBAMkIHLhMQyGW73pYJzAfy5d93vpMeNH/9/jmsTf/5/b9HP23+6LEXPQJpP1KBNH4Cafzm1wJpigTS+M2vBdIUCaTxm18LpCkSSOM3vxZIUySQxm9+LZCmSCCN3/xaIE2RQBq/+bVAmiKBNH7za4E0RQJp/ObXAmmKBNL4za8F0hQJpPGbXwukKRJI4ze/FkhTJJDGb34tkKZIII3f/FogTZFAGr/5tUCaIoE0fvNrgTRFAmn85tcCaYoE0vjNrwXSFAmk8ZtfC6QpEkjjN78WSFMkkMZvfi2Qpkggjd/8WiBNkUAav/m1QJoigTR+82uBNEUCafzm1wJpigTS+M2vBdIUCaTxm18LpCkSSOM3vxZIUySQxm9+LZCmSCCN3/xaIE2RQBq/+bVAmiKBNH7za4E0RQJp/ObXAmmKBNL4za8F0hQJpPGbXwukKRJI4ze/FkhTJJDGb34tkKZIII3f/FogTdHTgfwPbuFYl2Obwk8AAAAASUVORK5CYII=','2016-01-17 13:56:42','\n                <div class=\"cntr\">\n                    \n                <div class=\"clear_rx blocks_move wrap1200\"><div class=\"need_remove del_btn\">删除</div><div class=\"c_block fl_rx h300 need_move_width200 c2\"><div class=\"need_remove del_btn\">删除</div></div><div class=\"c_block fl_rx h300 need_move_width200 c3\"><div class=\"need_remove del_btn\">删除</div></div></div><div class=\"clear_rx blocks_move wrap1200\"><div class=\"need_remove del_btn\">删除</div><div class=\"c_block h300 c6\"><div class=\"need_remove del_btn\">删除</div></div></div><div class=\"clear_rx blocks_move wrap1200\"><div class=\"need_remove del_btn\">删除</div><div class=\"c_block fl_rx h300 need_move_width200 c4\"><div class=\"need_remove del_btn\">删除</div></div><div class=\"c_block fl_rx h300 need_move_width200 c5\"><div class=\"need_remove del_btn\">删除</div></div></div></div>\n                <div class=\"hint_info\">请拖动【A,B,C,D】至这里进行编辑(变绿时释放鼠标)</div>\n        	','2016-01-17 13:56:42',1,1),('81d1e900-bcdd-11e5-a880-79053797b1e5','六宫格布局','<div class=\"cntr\"></div>','data:image/png;base64,iVBORw0KGgoAAAANSUhEUgAAAMgAAABQCAYAAABcbTqwAAADtUlEQVR4Xu2dsW0QURQEuYiM1BFdIFEBtSBKgBTRgwMiAmogpAAnCAJqIKUAcAEOVqvdv7I1jvftO488/qef3PUs/PP654d/4cp53dvnN/NniD7Add29fPHjVbRzWnbdvrn5/K7xCFe6FEHSRAt9CCJDRRABFSeIAGka4QSZ4keQKX5hOYIIkHoRBOmxzTQjSIaj2YIgJrhjYwhyDPVDixBkil9YjiACpF4EQXpsM80IkuFotiCICe7YGIIcQ80r1hS1uRxBTHCZMU6QDMdeC4L02ArNCCJAmkYQZIofQab4heUIIkDqRRCkxzbTjCAZjmYLgpjgjo0hyDHU3GJNUZvLEcQElxnjBMlw7LUgSI+t0IwgAqRpBEGm+BFkil9YjiACpF4EQXpsM80IkuFotiCICe7YGIIcQ80t1hS1uRxBTHCZMU6QDMdeC4L02ArNCCJAmkYQZIofQab4heUIIkDqRRCkxzbTjCAZjmYLgpjgjo0hyDHU3GJNUZvLEcQElxnjBMlw7LUgSI+t0IwgAqRpBEGm+BFkil9YjiACpF4EQXpsM80IkuFotiCICe7YGIIcQ80t1hS1uRxBTHCZMU6QDMdeC4L02ArNCCJAmkYQZIofQab4heUIIkDqRRCkxzbTjCAZjmYLgpjgjo0hyDHU3GJNUZvLH5Egv99/fHLfSf/z9wl9Uvz+T/D+08Z33359eUK/1HX76fvXx/GddAQx/wkeHEMQHXb8O+kIosNfJRFEJ48gAitesQRI0wivWFP8CDLFLyxHEAFSL4IgPbaZZgTJcDRbEMQEd2wMQY6hfmgRgkzxC8sRRIDUiyBIj22mGUEyHM0WBDHBHRtDkGOoecWaojaXI4gJLjPGCZLh2GtBkB5boRlBBEjTCIJM8SPIFL+wHEEESL0IgvTYZpoRJMPRbEEQE9yxMQQ5hppbrClqczmCmOAyY5wgGY69FgTpsRWaEUSANI0gyBQ/gkzxC8sRRIDUiyBIj22mGUEyHM0WBDHBHRtDkGOoucWaojaXI4gJLjPGCZLh2GtBkB5boRlBBEjTCIJM8SPIFL+wHEEESL0IgvTYZpoRJMPRbEEQE9yxMQQ5hppbrClqczmCmOAyY5wgGY69FgTpsRWaEUSANI0gyBQ/gkzxC8sRRIDUiyBIj22mGUEyHM0WBDHBHRtDkGOoucWaojaXI4gJLjPGCZLh2GtBkB5boRlBBEjTCIJM8SPIFL+wHEEESL0IgvTYZpoRJMPRbEEQE9yxsZ4g/wHqm9Bv8dhBjwAAAABJRU5ErkJggg==','2016-01-17 13:45:25','\n                <div class=\"cntr\">\n                    \n                <div class=\"clear_rx blocks_move wrap1200\" style=\"\n    /* display: none; */\n\"><div class=\"need_remove del_btn\">删除</div><div class=\"c_block fl_rx h300 need_move_width200 c2\"><div class=\"need_remove del_btn\">删除</div></div><div class=\"c_block fl_rx h300 need_move_width200 c3\"><div class=\"need_remove del_btn\">删除</div></div><div class=\"c_block fl_rx h300 need_move_width200 c4\"><div class=\"need_remove del_btn\">删除</div></div></div><div class=\"clear_rx blocks_move wrap1200\" style=\"\n    /* display: none; */\n\"><div class=\"need_remove del_btn\">删除</div><div class=\"c_block fl_rx h300 need_move_width200 c15\"><div class=\"need_remove del_btn\">删除</div></div><div class=\"c_block fl_rx h300 need_move_width200 c17\"><div class=\"need_remove del_btn\">删除</div></div><div class=\"c_block fl_rx h300 need_move_width200 c18\"><div class=\"need_remove del_btn\">删除</div></div></div></div>\n                <div class=\"hint_info\">请拖动【A,B,C,D】至这里进行编辑(变绿时释放鼠标)</div>\n        	','2016-01-17 13:45:25',1,1),('9b03d770-bcde-11e5-a880-79053797b1e5','中分布局','<div class=\"cntr\"></div>','data:image/png;base64,iVBORw0KGgoAAAANSUhEUgAAAMgAAAAoCAYAAAC7HLUcAAABh0lEQVR4Xu3TwW0CQRREQUiAMJyXScBnzs6NGMjGyDG8ObRE7b2/drpV18vh7/X4/Tt88qPOPb9vH/Xe04+9f/1cT948euz/xwBp8wDS+gOk9TefBqRNBEjrbz4NSJsIkNbffBqQNhEgrb/5NCBtIkBaf/NpQNpEgLT+5tOAtIkAaf3NpwFpEwHS+ptPA9ImAqT1N58GpE0ESOtvPg1ImwiQ1t98GpA2ESCtv/k0IG0iQFp/82lA2kSAtP7m04C0iQBp/c2nAWkTAdL6m08D0iYCpPU3nwakTQRI628+DUibCJDW33wakDYRIK2/+TQgbSJAWn/zaUDaRIC0/ubTgLSJAGn9zacBaRMB0vqbTwPSJgKk9TefBqRNBEjrbz4NSJsIkNbffBqQNhEgrb/5NCBtIkBaf/NpQNpEgLT+5tOAtIkAaf3NpwFpEwHS+ptPA9ImAqT1N58GpE0ESOtvPg1ImwiQ1t98GpA2ESCtv/k0IG0iQFp/82lA2kSAtP7m04C0iU4DeQN4UMgp3PH7cgAAAABJRU5ErkJggg==','2016-01-17 13:53:17','\n                <div class=\"cntr\">\n                    \n                <div class=\"clear_rx blocks_move wrap1200\"><div class=\"need_remove del_btn\">删除</div><div class=\"c_block fl_rx h300 need_move_width200 c15\"><div class=\"need_remove del_btn\">删除</div></div><div class=\"c_block fl_rx h300 need_move_width200 c3\"><div class=\"need_remove del_btn\">删除</div></div></div></div>\n                <div class=\"hint_info\">请拖动【A,B,C,D】至这里进行编辑(变绿时释放鼠标)</div>\n        	','2016-01-17 13:53:17',1,1),('9c031470-bcdd-11e5-a880-79053797b1e5','九宫格布局','<div class=\"cntr\"></div>','data:image/png;base64,iVBORw0KGgoAAAANSUhEUgAAAMgAAAB4CAYAAAC3kr3rAAAFNElEQVR4Xu2dLW5WARBFeQoHsgrLCkhYAQtBEQSWBCxhAbgKgkAQloBkATX8CILFYVkAFN+Em+HO3OmXg56fcm5P5+WZd9ww/7v/5flv88j4uEc3z+I/g/UHOI6LO7c+3bPOjA47zh+cvX7c8SMc7qEI4ibaMA9BZKgIIqDiggiQoiVckCh+BIniF5YjiACprwRB+th6JiOIh2NxCoIUwY21IcgY6qsWIUgUv7AcQQRIfSUI0sfWMxlBPByLUxCkCG6sDUHGUPOIFUVdXI4gRXCeNi6Ih2PfFATpYytMRhABUrQEQaL4ESSKX1iOIAKkvhIE6WPrmYwgHo7FKQhSBDfWhiBjqHmLFUVdXI4gRXCeNi6Ih2PfFATpYytMRhABUrQEQaL4ESSKX1iOIAKkvhIE6WPrmYwgHo7FKQhSBDfWhiBjqHmLFUVdXI4gRXCeNi6Ih2PfFATpYytMRhABUrQEQaL4ESSKX1iOIAKkvhIE6WPrmYwgHo7FKQhSBDfWhiBjqHmLFUVdXI4gRXCeNi6Ih2PfFATpYytMRhABUrQEQaL4ESSKX1iOIAKkvhIE6WPrmYwgHo7FKQhSBDfWhiBjqHmLFUVdXI4gRXCeNi6Ih2PfFATpYytMRhABUrQEQaL4ESSKX1iOIAKkvhIE6WPrmYwgHo7FKQhSBDfWhiBjqHmLFUVdXH6NBPn27MXJfSf9568T+qT45a/g5aeNLz58fXtC/6nj/OXHd9fjO+kIUvwjONiGIDps+3fSEUSHn6pEEJ08ggiseMQSIEVLeMSK4keQKH5hOYIIkPpKEKSPrWcygng4FqcgSBHcWBuCjKG+ahGCRPELyxFEgNRXgiB9bD2TEcTDsTgFQYrgxtoQZAw1j1hR1MXlCFIE52njgng49k1BkD62wmQEESBFSxAkih9BoviF5QgiQOorQZA+tp7JCOLhWJyCIEVwY20IMoaat1hR1MXlCFIE52njgng49k1BkD62wmQEESBFSxAkih9BoviF5QgiQOorQZA+tp7JCOLhWJyCIEVwY20IMoaat1hR1MXlCFIE52njgng49k1BkD62wmQEESBFSxAkih9BoviF5QgiQOorQZA+tp7JCOLhWJyCIEVwY20IMoaat1hR1MXlCFIE52njgng49k1BkD62wmQEESBFSxAkih9BoviF5QgiQOorQZA+tp7JCOLhWJyCIEVwY20IMoaat1hR1MXlCFIE52njgng49k1BkD62wmQEESBFSxAkih9BoviF5QgiQOorQZA+tp7JCOLhWJyCIEVwY23XSJA331+d3HfS79z+PBb1yKLjxsWP909P5jvpx3GcP3xy93p8Jx1BRn7F/28Jgsj87J+BRhCZfa4QQWT2CCKg4hFLgBQs4RErCP/vagQJB/CP9QgSzgdBwgEgyO4AEGR3PlyQcD4IEg6AC7I7AATZnQ8XJJwPgoQD4ILsDgBBdufDBQnngyDhALgguwNAkN35cEHC+SBIOAAuyO4AEGR3PlyQcD4IEg6AC7I7AATZnQ8XJJwPgoQD4ILsDgBBdufDBQnngyDhALgguwNAkN35cEHC+SBIOAAuyO4AEGR3PlyQcD4IEg6AC7I7AATZnQ8XJJwPgoQD4ILsDgBBdufDBQnngyDhALgguwNAkN35cEHC+SBIOAAuyO4AEGR3PlyQcD4IEg6AC7I7AATZnQ8XJJwPgoQD4ILsDgBBdufDBQnngyDhALgguwNAkN35cEHC+SBIOAAuyO4AEGR3PlyQcD4IEg4geEH+AEB1OLW7RWl5AAAAAElFTkSuQmCC','2016-01-17 13:46:09','\n                <div class=\"cntr\">\n                    \n                <div class=\"clear_rx blocks_move wrap1200\" style=\"\n    /* display: none; */\n\"><div class=\"need_remove del_btn\">删除</div><div class=\"c_block fl_rx h300 need_move_width200 c2\"><div class=\"need_remove del_btn\">删除</div></div><div class=\"c_block fl_rx h300 need_move_width200 c3\"><div class=\"need_remove del_btn\">删除</div></div><div class=\"c_block fl_rx h300 need_move_width200 c4\"><div class=\"need_remove del_btn\">删除</div></div></div><div class=\"clear_rx blocks_move wrap1200\" style=\"\n    /* display: none; */\n\"><div class=\"need_remove del_btn\">删除</div><div class=\"c_block fl_rx h300 need_move_width200 c15\"><div class=\"need_remove del_btn\">删除</div></div><div class=\"c_block fl_rx h300 need_move_width200 c17\"><div class=\"need_remove del_btn\">删除</div></div><div class=\"c_block fl_rx h300 need_move_width200 c18\"><div class=\"need_remove del_btn\">删除</div></div></div><div class=\"clear_rx blocks_move wrap1200\"><div class=\"need_remove del_btn\">删除</div><div class=\"c_block fl_rx h300 need_move_width200 c3\"><div class=\"need_remove del_btn\">删除</div></div><div class=\"c_block fl_rx h300 need_move_width200 c4\"><div class=\"need_remove del_btn\">删除</div></div><div class=\"c_block fl_rx h300 need_move_width200 c1\"><div class=\"need_remove del_btn\">删除</div></div></div></div>\n                <div class=\"hint_info\">请拖动【A,B,C,D】至这里进行编辑(变绿时释放鼠标)</div>\n        	','2016-01-17 13:46:09',1,1),('da0cb100-bcdc-11e5-a880-79053797b1e5','一字布局','<div class=\"cntr\"></div>','data:image/png;base64,iVBORw0KGgoAAAANSUhEUgAAAMgAAAAoCAYAAAC7HLUcAAABRklEQVR4Xu3TsQ0CQRQDUa4z2qAWYmqhDToD0cEFN4n1Nv7yymPNcbv4Pe+P78WR4hA4TeD1eR+nj08cXhr2/48gJ6g7yQgQJEMreIEAQRZW1CEjQJAMreAFAgRZWFGHjABBMrSCFwgQZGFFHTICBMnQCl4gQJCFFXXICBAkQyt4gQBBFlbUISNAkAyt4AUCBFlYUYeMAEEytIIXCBBkYUUdMgIEydAKXiBAkIUVdcgIECRDK3iBAEEWVtQhI0CQDK3gBQIEWVhRh4wAQTK0ghcIEGRhRR0yAgTJ0ApeIECQhRV1yAgQJEMreIEAQRZW1CEjQJAMreAFAgRZWFGHjABBMrSCFwgQZGFFHTICBMnQCl4gQJCFFXXICBAkQyt4gQBBFlbUISNAkAyt4AUCBFlYUYeMAEEytIIXCBBkYUUdMgJXC/IDep2gKVX5g6YAAAAASUVORK5CYII=','2016-01-17 13:40:44','\n                <div class=\"cntr\">\n                    \n                <div class=\"clear_rx blocks_move wrap1200\"><div class=\"need_remove del_btn\">删除</div><div class=\"c_block h300 c18\"><div class=\"need_remove del_btn\">删除</div></div></div></div>\n                <div class=\"hint_info\">请拖动【A,B,C,D】至这里进行编辑(变绿时释放鼠标)</div>\n        	','2016-01-17 13:40:44',1,1),('f471cc00-df7e-11e5-9e46-796d7959876a','一大一小','<div class=\"cntr\"></div>','data:image/png;base64,iVBORw0KGgoAAAANSUhEUgAAAMgAAABQCAYAAABcbTqwAAACZklEQVR4Xu3dsY2UYRRDUaYa+iJeUQwF0AY5XWw1IHJAK+t34ncmnmfJ19/VhPP6+fbj1ycfBBD4K4EXQbwMBP5NgCBeBwL/IUAQzwMBgngDCGQE/IJk3FwdIUCQI0OrmREgSMbN1RECBDkytJoZAYJk3FwdIUCQI0OrmREgSMbN1RECBDkytJoZAYJk3FwdIUCQI0OrmREgSMbN1RECBDkytJoZAYJk3FwdIUCQI0OrmREgSMbN1RECBDkytJoZAYJk3FwdIUCQI0OrmREgSMbN1RECBDkytJoZAYJk3FwdIUCQI0OrmREgSMbN1RECBDkytJoZAYJk3FwdIUCQI0OrmREgSMbN1RECBDkytJoZAYJk3FwdIUCQI0OrmREgSMbN1RECBDkytJoZAYJk3FwdIUCQI0OrmREgSMbN1RECr6d7fv/27n/Xn4Yq78MEvnz9/OibfjTsTwuCfHhLXywQIEgBqsgdAgTZ2VKTAgGCFKCK3CFAkJ0tNSkQIEgBqsgdAgTZ2VKTAgGCFKCK3CFAkJ0tNSkQIEgBqsgdAgTZ2VKTAgGCFKCK3CFAkJ0tNSkQIEgBqsgdAgTZ2VKTAgGCFKCK3CFAkJ0tNSkQIEgBqsgdAgTZ2VKTAgGCFKCK3CFAkJ0tNSkQIEgBqsgdAgTZ2VKTAgGCFKCK3CFAkJ0tNSkQIEgBqsgdAgTZ2VKTAgGCFKCK3CFAkJ0tNSkQIEgBqsgdAgTZ2VKTAgGCFKCK3CFAkJ0tNSkQIEgBqsgdAgTZ2VKTAgGCFKCK3CFAkJ0tNSkQIEgBqsgdAgTZ2VKTAoGnBfkNweAUAI2hGigAAAAASUVORK5CYII=','2016-03-01 15:26:46','\n                <div class=\"cntr\">\n                    \n                <div class=\"c_block blocks_move h300 c17\"><div class=\"need_remove del_btn\">删除</div></div><div class=\"clear_rx blocks_move wrap1200\"><div class=\"need_remove del_btn\">删除</div><div class=\"c_block h300 c1\"><div class=\"need_remove del_btn\">删除</div></div></div></div>\n                <div class=\"hint_info\">请拖动【A,B,C,D】至这里进行编辑(变绿时释放鼠标)</div>\n        	','2016-03-01 15:26:46',1,2),('f9aed600-bcdc-11e5-a880-79053797b1e5','品字布局','<div class=\"cntr\"></div>','data:image/png;base64,iVBORw0KGgoAAAANSUhEUgAAAMgAAABQCAYAAABcbTqwAAACyElEQVR4Xu3dsW0UYBAFYRxRAh3QAiltkJIQktsxtdAGPVAQyB2cNLfSavU5vrfWP3MT38uHJ/+9ff3278knnUPgYQK//vx+efjDD3zwqcfe/59AHqDuI2MEBDKG1uELBARywaI3jBEQyBhahy8QEMgFi94wRkAgY2gdvkBAIBcsesMYAYGMoXX4AgGBXLDoDWMEBDKG1uELBARywaI3jBEQyBhahy8QEMgFi94wRkAgY2gdvkBAIBcsesMYAYGMoXX4AgGBXLDoDWMEBDKG1uELBARywaI3jBEQyBhahy8QEMgFi94wRkAgY2gdvkBAIBcsesMYAYGMoXX4AgGBXLDoDWMEBDKG1uELBARywaI3jBEQyBhahy8QEMgFi94wRkAgY2gdvkBAIBcsesMYAYGMoXX4AgGBXLDoDWMEBDKG1uELBARywaI3jBEQyBhahy8QEMgFi94wRkAgY2gdvkBAIBcsesMYgfWBfPn76nfSg/4fHz+Ften3zz+f+tPmTz32rkcg7UsqkMZPII3f+rVAmiKBNH7r1wJpigTS+K1fC6QpEkjjt34tkKZIII3f+rVAmiKBNH7r1wJpigTS+K1fC6QpEkjjt34tkKZIII3f+rVAmiKBNH7r1wJpigTS+K1fC6QpEkjjt34tkKZIII3f+rVAmiKBNH7r1wJpigTS+K1fC6QpEkjjt34tkKZIII3f+rVAmiKBNH7r1wJpigTS+K1fC6QpEkjjt34tkKZIII3f+rVAmiKBNH7r1wJpigTS+K1fC6QpEkjjt34tkKZIII3f+rVAmiKBNH7r1wJpigTS+K1fC6QpEkjjt34tkKZIII3f+rVAmiKBNH7r1wJpigTS+K1fC6QpEkjjt34tkKZIII3f+rVAmiKBNH7r1wJpigTS+K1fC6QpEkjjt34tkKZIII3f+rVAmiKBNH7r1wJpip4dyH/YU0BgaeEmyQAAAABJRU5ErkJggg==','2016-01-17 13:41:37','\n                <div class=\"cntr\">\n                    \n                <div class=\"clear_rx blocks_move wrap1200\"><div class=\"need_remove del_btn\">删除</div><div class=\"c_block h300 c18\"><div class=\"need_remove del_btn\">删除</div></div></div><div class=\"clear_rx blocks_move wrap1200\"><div class=\"need_remove del_btn\">删除</div><div class=\"c_block fl_rx h300 need_move_width200 c2\"><div class=\"need_remove del_btn\">删除</div></div><div class=\"c_block fl_rx h300 need_move_width200 c3\"><div class=\"need_remove del_btn\">删除</div></div></div></div>\n                <div class=\"hint_info\">请拖动【A,B,C,D】至这里进行编辑(变绿时释放鼠标)</div>\n        	','2016-01-17 13:41:37',1,1);

/*Table structure for table `c_model` */

DROP TABLE IF EXISTS `c_model`;

CREATE TABLE `c_model` (
  `id` char(36) NOT NULL,
  `name` varchar(100) DEFAULT NULL,
  `content` text,
  `content_name` varchar(100) DEFAULT NULL,
  `data_model` text,
  `img_url` varchar(100) DEFAULT NULL,
  `render_type` int(1) DEFAULT NULL COMMENT '渲染类型，1.普通html模板，2.juicer模板',
  `create_time` datetime DEFAULT NULL,
  `last_edit_time` datetime DEFAULT NULL,
  `term_type` int(1) DEFAULT NULL COMMENT '终端类型，1.PC，2.WAP',
  `model_height` int(5) DEFAULT NULL COMMENT '模板高度,0代表不限高度',
  `model_width` int(5) DEFAULT NULL COMMENT '模板宽度',
  `model_type` int(1) DEFAULT NULL COMMENT '模板类型，1.综合,2.轮播,3.n宫格，4.其他',
  PRIMARY KEY (`id`)
) ENGINE=InnoDB DEFAULT CHARSET=utf8;

/*Data for the table `c_model` */

insert  into `c_model`(`id`,`name`,`content`,`content_name`,`data_model`,`img_url`,`render_type`,`create_time`,`last_edit_time`,`term_type`,`model_height`,`model_width`,`model_type`) values ('1e2a31fe-dec9-11e5-8716-68f728f3bf19','轮播_带背景','<div class=\"c_model css_namespaceabc c_edit\">\r\n    <style>\r\n        .css_namespaceabc .lunbo_unit{}\r\n        .css_namespaceabc .lunbo_fade{height : 510px;width:1200px;overflow:hidden;position:relative;margin: 0 auto;}\r\n\r\n        .css_namespaceabc .lunbo_fade li img{height : 365px;width:770px;margin: 0 auto;}\r\n        \r\n        .css_namespaceabc .lunbo_arrow_btn {background-image: url(http://pic.shop.lenovo.com.cn/g1/M00/00/4B/CmBZD1ZMC-6AKzbpAADV05uCIzQ915.png);background-repeat: no-repeat;cursor:pointer;}\r\n        .css_namespaceabc .lunbo_left_btn {float: left;width: 41px;height: 69px;position: absolute;left: 0px;top: 148px;z-index: 10;background-position: -88px -192px}\r\n        .css_namespaceabc .lunbo_right_btn {float: right;width: 41px;height: 69px;position: absolute;right: 0;top: 148px;z-index: 10;background-position: -130px -192px}\r\n        \r\n    </style>\r\n\r\n    <script class=\"tmpl need_remove\" type=\"text/template\">\r\n        <div class=\"lunbo_unit\" style=\"background:{@each imgs.values as it,index}{@if index==0}{@each it as td_it}{@if td_it.title==\'背景色\'}${td_it.value}{@/if}{@/each}{@/if}{@/each};\">\r\n            <div class=\"lenovoplugin lunbo_fade\" optp=\'{\"container_width\":1200,\"container_height\":510,\"direct\":\"right\",\"dots_show\":true,\"dot_align\":\"center\",\"auto_play\":true,\"move_pause\":true,\"test\":false,\"arrow_btn_show\":true,\"arrow_btn_align\":\"center\",\"time\":7000}\' complete=\"change_bg\">\r\n                <div class=\"wrap\">\r\n                    <ul>\r\n                        {@each imgs.values as it,index}\r\n                            <li {@if index==0}class=\"nohid\"{@/if} bg_color=\"{@each it as td_it}{@if td_it.title==\'背景色\'}${td_it.value}{@/if}{@/each}\" >\r\n                                <a href=\"{@each it as td_it}{@if td_it.title==\'链接\'}${td_it.value}{@/if}{@/each}\" {@each it as td_it}{@if td_it.title==\'是否新窗口打开\'}{@if td_it.value==1}target=\"_blank\"{@/if}{@/if}{@/each}>\r\n                                    <img src=\"{@each it as td_it}{@if td_it.title==\'图片\'}${td_it.value}{@/if}{@/each}\" alt=\"\" _src=\"{@each it as td_it}{@if td_it.title==\'图片\'}${td_it.value}{@/if}{@/each}\">\r\n                                </a>\r\n                            </li>\r\n                        {@/each}\r\n                    </ul>\r\n                </div>\r\n            </div>\r\n        </div>\r\n            \r\n    </script>\r\n\r\n    <div class=\"translated\"></div>\r\n    <div class=\"jsurl hid_rx\">/javascripts/model/lunbo_bg.js</div>\r\n</div>\r\n\r\n<!--\r\n{\r\n   \"imgs\": {\r\n        \"thead_ths\": [\r\n            {\r\n                \"title\": \"是否新窗口打开\", \r\n                \"width_bz\": 1, \r\n                \"type\": \"selection\", \r\n                \"options\": \"[{key:1,value:\'是\'},{key:2,value:\'否\'}]\", \r\n                \"default_v\": 2\r\n            }, \r\n            {\r\n                \"title\": \"链接\", \r\n                \"width_bz\": 1, \r\n                \"type\": \"text\", \r\n                \"default_v\": \"http://www.lenovo.com.cn\"\r\n            }, \r\n            {\r\n                \"title\": \"顺序\", \r\n                \"width_bz\": 1, \r\n                \"type\": \"text\", \r\n                \"order_col\": true, \r\n                \"default_v\": 1\r\n            }, \r\n            {\r\n                \"title\": \"图片\", \r\n                \"width_bz\": 1, \r\n                \"type\": \"img\", \r\n                \"height\":100,\r\n                \"width\":200,\r\n                \"size\":30,\r\n                \"input_id\":\"aaa\",\r\n                \"default_v\": \"http://pic.shop.lenovo.com.cn/g1/M00/01/4A/CmBZEFaXWu2Acc00AAF_K3-N-gw384.jpg\"\r\n            }\r\n        ], \r\n        \"values\": [\r\n            [\r\n                {\r\n                    \"value\": 1, \r\n                    \"title\": \"是否新窗口打开\"\r\n                }, \r\n                {\r\n                    \"value\": \"http://www.lenovo.com.cn\", \r\n                    \"title\": \"链接\"\r\n                }, \r\n                {\r\n                    \"value\": 3, \r\n                    \"title\": \"顺序\"\r\n                }, \r\n                {\r\n                    \"value\": \"http://pic.shop.lenovo.com.cn/g1/M00/01/51/CmBZEFach9CASdQpAAF7jqqwsQM530.jpg\", \r\n                    \"title\": \"图片\"\r\n                }\r\n            ], \r\n            [\r\n                {\r\n                    \"value\": 2, \r\n                    \"title\": \"是否新窗口打开\"\r\n                }, \r\n                {\r\n                    \"value\": \"http://www.lenovo.com.cn\", \r\n                    \"title\": \"链接\"\r\n                }, \r\n                {\r\n                    \"value\": 4, \r\n                    \"title\": \"顺序\"\r\n                }, \r\n                {\r\n                    \"value\": \"http://pic.shop.lenovo.com.cn/g1/M00/01/36/CmBZD1aE4biAVEW7AAEKzgPExeY346.jpg\", \r\n                    \"title\": \"图片\"\r\n                }\r\n            ]\r\n        ], \r\n        \"type\": \"list\", \r\n        \"has_img\":true,\r\n        \"title\": \"xxx\"\r\n    }\r\n}\r\n-->','lunbo_bg.html','{\r\n   \"imgs\": {\r\n        \"thead_ths\": [\r\n            {\r\n                \"title\": \"是否新窗口打开\", \r\n                \"width_bz\": 1, \r\n                \"type\": \"selection\", \r\n                \"options\": \"[{key:1,value:\'是\'},{key:2,value:\'否\'}]\", \r\n                \"default_v\": 2\r\n            }, \r\n            {\r\n                \"title\": \"链接\", \r\n                \"width_bz\": 1, \r\n                \"type\": \"text\", \r\n                \"default_v\": \"http://www.lenovo.com.cn\"\r\n            }, \r\n            {\r\n                \"title\": \"顺序\", \r\n                \"width_bz\": 1, \r\n                \"type\": \"text\", \r\n                \"order_col\": true, \r\n                \"default_v\": 1\r\n            }, \r\n            {\r\n                \"title\": \"图片\", \r\n                \"width_bz\": 5, \r\n                \"type\": \"img\", \r\n        		\"height\":100,\r\n        		\"width\":200,\r\n        		\"size\":30,\r\n        		\"input_id\":\"aaa\",\r\n                \"default_v\": \"http://pic.shop.lenovo.com.cn/g1/M00/01/4A/CmBZEFaXWu2Acc00AAF_K3-N-gw384.jpg\"\r\n            },\r\n	    {\r\n		\"title\": \"背景色\", \r\n                \"width_bz\": 1, \r\n                \"type\": \"text\", \r\n                \"default_v\": \"#ffffff\"\r\n	    }\r\n        ], \r\n        \"values\": [\r\n            [\r\n                {\r\n                    \"value\": 1, \r\n                    \"title\": \"是否新窗口打开\"\r\n                }, \r\n                {\r\n                    \"value\": \"http://www.lenovo.com.cn\", \r\n                    \"title\": \"链接\"\r\n                }, \r\n                {\r\n                    \"value\": 3, \r\n                    \"title\": \"顺序\"\r\n                }, \r\n                {\r\n                    \"value\": \"http://pic.shop.lenovo.com.cn/g1/M00/01/51/CmBZEFach9CASdQpAAF7jqqwsQM530.jpg\", \r\n                    \"title\": \"图片\"\r\n                }, \r\n                {\r\n                    \"value\": \"blue\", \r\n                    \"title\": \"背景色\"\r\n                }\r\n            ], \r\n            [\r\n                {\r\n                    \"value\": 2, \r\n                    \"title\": \"是否新窗口打开\"\r\n                }, \r\n                {\r\n                    \"value\": \"http://www.lenovo.com.cn\", \r\n                    \"title\": \"链接\"\r\n                }, \r\n                {\r\n                    \"value\": 4, \r\n                    \"title\": \"顺序\"\r\n                }, \r\n                {\r\n                    \"value\": \"http://pic.shop.lenovo.com.cn/g1/M00/01/36/CmBZD1aE4biAVEW7AAEKzgPExeY346.jpg\", \r\n                    \"title\": \"图片\"\r\n                }, \r\n                {\r\n                    \"value\": \"#389f24\", \r\n                    \"title\": \"背景色\"\r\n                }\r\n            ]\r\n        ], \r\n        \"type\": \"list\", \r\n	    \"has_img\":true,\r\n        \"title\": \"xxx\"\r\n    }\r\n}','/images/upload/QQ图片20160229174427.png',2,'2016-02-29 17:45:07','2016-03-01 16:10:08',1,1200,1200,1),('261ed9bd-deb5-11e5-8716-68f728f3bf19','左1右(上2下1)','<div class=\"c_model css_namespace_xxx\">\r\n	<style>\r\n        .css_namespace_xxx{height: 565px;}\r\n		.css_namespace_xxx .title1{font-size: 28px;position: absolute;top: 36px;left: 30px;color: #fff;z-index: 10;}\r\n		.css_namespace_xxx .title2{font-size: 16px;position: absolute;top: 106px;left: 30px;color: #fff;z-index: 10;}\r\n		.css_namespace_xxx .title3{font-size: 25px;position: absolute;top: 132px;left: 30px;color: #fff;z-index: 10;}\r\n		.css_namespace_xxx .bg{position: absolute;z-index: 1;top: 0;left: 0;}\r\n		.css_namespace_xxx .big{width: 397px;height: 565px;background: #abc123;position: relative;}\r\n			.css_namespace_xxx .big .showimg{position: absolute;z-index: 2;top: 213px;left: 97px;}\r\n		.css_namespace_xxx .small{width: 397px;height: 310px;background: #d44123;margin-left: 5px;position: relative;}\r\n			.css_namespace_xxx .small .showimg{position: absolute;z-index: 2;top: 88px;left: 195px;}\r\n		.css_namespace_xxx .small2{width: 396px;background: #d44dd3;position: relative;}\r\n		.css_namespace_xxx .middle{width: 798px;height: 250px;margin-top: 5px;margin-left: 5px;background: #12c423;position: relative;}\r\n			.css_namespace_xxx .middle .showimg{position: absolute;z-index: 2;top: 27px;left: 275px;}\r\n	</style>\r\n	<script class=\"tmpl\" type=\"text/template\">\r\n		{@each zone_item_list as it,index}\r\n			<div class=\"{@if index==0}big{@/if}{@if index==1}small{@/if}{@if index==2}small small2{@/if}{@if index==3}middle{@/if} fl_rx c_edit\" zone_id=\"${it.zone_id}\">\r\n				<div class=\"title1\">${it.title.value}</div>\r\n				<div class=\"title2\">${it.description.value}</div>\r\n				<div class=\"title3\">${it.price.value}元</div>\r\n				<img src=\"${it.bg_imgurl.value}\" alt=\"\" class=\"bg\">\r\n				<img src=\"${it.product_imgurl.value}\" alt=\"\" class=\"showimg\">\r\n			</div>\r\n		{@/each}\r\n	</script>\r\n	<div class=\"translated\">\r\n		\r\n	</div>\r\n</div>\r\n\r\n<!--\r\n\r\n{\r\n    \"zone_item_list\": [\r\n        {\r\n            \"zone_id\": \"1\", \r\n            \"title\": {\r\n                \"value\": \"乐檬k31\", \r\n                \"type\": \"text\", \r\n                \"title\": \"标题\", \r\n                \"key\": \"title\"\r\n            }, \r\n            \"description\": {\r\n                \"value\": \"千元性价比新选择\", \r\n                \"type\": \"text\", \r\n                \"title\": \"描述\", \r\n                \"key\": \"description\"\r\n            }, \r\n            \"price\": {\r\n                \"value\": \"700\", \r\n                \"type\": \"text\", \r\n                \"title\": \"价格\", \r\n                \"key\": \"price\"\r\n            }, \r\n            \"bg_imgurl\": {\r\n                \"value\": \"/images/upload/QQ图片20160229155512.png\", \r\n                \"type\": \"img\", \r\n                \"title\": \"背景图片\", \r\n                \"height\": 100, \r\n                \"width\": 200, \r\n                \"size\": 30, \r\n                \"input_id\": \"bg_img\", \r\n                \"key\": \"bg_imgurl\"\r\n            }, \r\n            \"product_imgurl\": {\r\n                \"value\": \"/images/upload/lenovo-phone01.jpg\", \r\n                \"type\": \"img\", \r\n                \"title\": \"实物图片\", \r\n                \"height\": 100, \r\n                \"width\": 200, \r\n                \"size\": 30, \r\n                \"input_id\": \"product_img\", \r\n                \"key\": \"product_imgurl\"\r\n            }\r\n        }, \r\n        {\r\n            \"zone_id\": \"2\", \r\n            \"title\": {\r\n                \"value\": \"乐檬k32\", \r\n                \"type\": \"text\", \r\n                \"title\": \"标题\", \r\n                \"key\": \"title\"\r\n            }, \r\n            \"description\": {\r\n                \"value\": \"千元性价比新选择\", \r\n                \"type\": \"text\", \r\n                \"title\": \"描述\", \r\n                \"key\": \"description\"\r\n            }, \r\n            \"price\": {\r\n                \"value\": \"699\", \r\n                \"type\": \"text\", \r\n                \"title\": \"价格\", \r\n                \"key\": \"price\"\r\n            }, \r\n            \"bg_imgurl\": {\r\n                \"value\": \"/images/upload/QQ图片20160229160321.png\", \r\n                \"type\": \"img\", \r\n                \"title\": \"背景图片\", \r\n                \"height\": 100, \r\n                \"width\": 200, \r\n                \"size\": 30, \r\n                \"input_id\": \"bg_img\", \r\n                \"key\": \"bg_imgurl\"\r\n            }, \r\n            \"product_imgurl\": {\r\n                \"value\": \"/images/upload/QQ图片20160229160419.png\", \r\n                \"type\": \"img\", \r\n                \"title\": \"实物图片\", \r\n                \"height\": 100, \r\n                \"width\": 200, \r\n                \"size\": 30, \r\n                \"input_id\": \"product_img\", \r\n                \"key\": \"product_imgurl\"\r\n            }\r\n        }, \r\n        {\r\n            \"zone_id\": \"3\", \r\n            \"title\": {\r\n                \"value\": \"乐檬k33\", \r\n                \"type\": \"text\", \r\n                \"title\": \"标题\", \r\n                \"key\": \"title\"\r\n            }, \r\n            \"description\": {\r\n                \"value\": \"千元性价比新选择\", \r\n                \"type\": \"text\", \r\n                \"title\": \"描述\", \r\n                \"key\": \"description\"\r\n            }, \r\n            \"price\": {\r\n                \"value\": \"699\", \r\n                \"type\": \"text\", \r\n                \"title\": \"价格\", \r\n                \"key\": \"price\"\r\n            }, \r\n            \"bg_imgurl\": {\r\n                \"value\": \"/images/upload/QQ图片20160229160536.png\", \r\n                \"type\": \"img\", \r\n                \"title\": \"背景图片\", \r\n                \"height\": 100, \r\n                \"width\": 200, \r\n                \"size\": 30, \r\n                \"input_id\": \"bg_img\", \r\n                \"key\": \"bg_imgurl\"\r\n            }, \r\n            \"product_imgurl\": {\r\n                \"value\": \"/images/upload/QQ图片20160229160615.png\", \r\n                \"type\": \"img\", \r\n                \"title\": \"实物图片\", \r\n                \"height\": 100, \r\n                \"width\": 200, \r\n                \"size\": 30, \r\n                \"input_id\": \"product_img\", \r\n                \"key\": \"product_imgurl\"\r\n            }\r\n        }, \r\n        {\r\n            \"zone_id\": \"4\", \r\n            \"title\": {\r\n                \"value\": \"乐檬k34\", \r\n                \"type\": \"text\", \r\n                \"title\": \"标题\", \r\n                \"key\": \"title\"\r\n            }, \r\n            \"description\": {\r\n                \"value\": \"千元性价比新选择\", \r\n                \"type\": \"text\", \r\n                \"title\": \"描述\", \r\n                \"key\": \"description\"\r\n            }, \r\n            \"price\": {\r\n                \"value\": \"699\", \r\n                \"type\": \"text\", \r\n                \"title\": \"价格\", \r\n                \"key\": \"price\"\r\n            }, \r\n            \"bg_imgurl\": {\r\n                \"value\": \"/images/upload/QQ图片20160229160756.png\", \r\n                \"type\": \"img\", \r\n                \"title\": \"背景图片\", \r\n                \"height\": 100, \r\n                \"width\": 200, \r\n                \"size\": 30, \r\n                \"input_id\": \"bg_img\", \r\n                \"key\": \"bg_imgurl\"\r\n            }, \r\n            \"product_imgurl\": {\r\n                \"value\": \"/images/upload/QQ图片20160229160833.png\", \r\n                \"type\": \"img\", \r\n                \"title\": \"实物图片\", \r\n                \"height\": 100, \r\n                \"width\": 200, \r\n                \"size\": 30, \r\n                \"input_id\": \"product_img\", \r\n                \"key\": \"product_imgurl\"\r\n            }\r\n        }\r\n    ]\r\n}\r\n-->','left_1_right(top_2_bottom_1).html','{\r\n	\"zone_item_list\" : [\r\n		{\r\n			\"zone_id\": \"1\", \r\n			\"title\": {\r\n                \"value\": \"乐檬k31\", \r\n                \"type\": \"text\", \r\n                \"title\": \"标题\"\r\n            }, \r\n            \"description\": {\r\n                \"value\": \"千元性价比新选择\", \r\n                \"type\": \"text\", \r\n                \"title\": \"描述\"\r\n            }, \r\n            \"price\": {\r\n                \"value\": 699, \r\n                \"type\": \"text\", \r\n                \"title\": \"价格\"\r\n            }, \r\n            \"bg_imgurl\": {\r\n            	\"value\": \"http://pic.shop.lenovo.com.cn/164/g1/M00/03/9D/CmBZEFY4fFOAGMOiAACVIl7z1UQ956.jpg\",\r\n				\"type\": \"img\",\r\n				\"title\": \"背景图片\",\r\n				\"height\":100,\r\n				\"width\":200,\r\n				\"size\":30,\r\n				\"input_id\":\"bg_img\"\r\n		    },\r\n		    \"product_imgurl\": {\r\n            	\"value\": \"http://pic.shop.lenovo.com.cn/164/g1/M00/03/9D/CmBZEFY4fFOAGMOiAACVIl7z1UQ956.jpg\",\r\n				\"type\": \"img\",\r\n				\"title\": \"实物图片\",\r\n				\"height\":100,\r\n				\"width\":200,\r\n				\"size\":30,\r\n				\"input_id\":\"product_img\"\r\n		    }\r\n		},\r\n		{\r\n			\"zone_id\": \"2\", \r\n			\"title\": {\r\n                \"value\": \"乐檬k32\", \r\n                \"type\": \"text\", \r\n                \"title\": \"标题\"\r\n            }, \r\n            \"description\": {\r\n                \"value\": \"千元性价比新选择\", \r\n                \"type\": \"text\", \r\n                \"title\": \"描述\"\r\n            }, \r\n            \"price\": {\r\n                \"value\": 699, \r\n                \"type\": \"text\", \r\n                \"title\": \"价格\"\r\n            }, \r\n            \"bg_imgurl\": {\r\n            	\"value\": \"http://pic.shop.lenovo.com.cn/164/g1/M00/03/9D/CmBZEFY4fFOAGMOiAACVIl7z1UQ956.jpg\",\r\n				\"type\": \"img\",\r\n				\"title\": \"背景图片\",\r\n				\"height\":100,\r\n				\"width\":200,\r\n				\"size\":30,\r\n				\"input_id\":\"bg_img\"\r\n		    },\r\n		    \"product_imgurl\": {\r\n            	\"value\": \"http://pic.shop.lenovo.com.cn/164/g1/M00/03/9D/CmBZEFY4fFOAGMOiAACVIl7z1UQ956.jpg\",\r\n				\"type\": \"img\",\r\n				\"title\": \"实物图片\",\r\n				\"height\":100,\r\n				\"width\":200,\r\n				\"size\":30,\r\n				\"input_id\":\"product_img\"\r\n		    }\r\n		},\r\n		{\r\n			\"zone_id\": \"3\", \r\n			\"title\": {\r\n                \"value\": \"乐檬k33\", \r\n                \"type\": \"text\", \r\n                \"title\": \"标题\"\r\n            }, \r\n            \"description\": {\r\n                \"value\": \"千元性价比新选择\", \r\n                \"type\": \"text\", \r\n                \"title\": \"描述\"\r\n            }, \r\n            \"price\": {\r\n                \"value\": 699, \r\n                \"type\": \"text\", \r\n                \"title\": \"价格\"\r\n            }, \r\n            \"bg_imgurl\": {\r\n            	\"value\": \"http://pic.shop.lenovo.com.cn/164/g1/M00/03/9D/CmBZEFY4fFOAGMOiAACVIl7z1UQ956.jpg\",\r\n				\"type\": \"img\",\r\n				\"title\": \"背景图片\",\r\n				\"height\":100,\r\n				\"width\":200,\r\n				\"size\":30,\r\n				\"input_id\":\"bg_img\"\r\n		    },\r\n		    \"product_imgurl\": {\r\n            	\"value\": \"http://pic.shop.lenovo.com.cn/164/g1/M00/03/9D/CmBZEFY4fFOAGMOiAACVIl7z1UQ956.jpg\",\r\n				\"type\": \"img\",\r\n				\"title\": \"实物图片\",\r\n				\"height\":100,\r\n				\"width\":200,\r\n				\"size\":30,\r\n				\"input_id\":\"product_img\"\r\n		    }\r\n		},\r\n		{\r\n			\"zone_id\": \"4\", \r\n			\"title\": {\r\n                \"value\": \"乐檬k34\", \r\n                \"type\": \"text\", \r\n                \"title\": \"标题\"\r\n            }, \r\n            \"description\": {\r\n                \"value\": \"千元性价比新选择\", \r\n                \"type\": \"text\", \r\n                \"title\": \"描述\"\r\n            }, \r\n            \"price\": {\r\n                \"value\": 699, \r\n                \"type\": \"text\", \r\n                \"title\": \"价格\"\r\n            }, \r\n            \"bg_imgurl\": {\r\n            	\"value\": \"http://pic.shop.lenovo.com.cn/164/g1/M00/03/9D/CmBZEFY4fFOAGMOiAACVIl7z1UQ956.jpg\",\r\n				\"type\": \"img\",\r\n				\"title\": \"背景图片\",\r\n				\"height\":100,\r\n				\"width\":200,\r\n				\"size\":30,\r\n				\"input_id\":\"bg_img\"\r\n		    },\r\n		    \"product_imgurl\": {\r\n            	\"value\": \"http://pic.shop.lenovo.com.cn/164/g1/M00/03/9D/CmBZEFY4fFOAGMOiAACVIl7z1UQ956.jpg\",\r\n				\"type\": \"img\",\r\n				\"title\": \"实物图片\",\r\n				\"height\":100,\r\n				\"width\":200,\r\n				\"size\":30,\r\n				\"input_id\":\"product_img\"\r\n		    }\r\n		}\r\n	]\r\n}','/images/upload/左1右(上2下1).png',2,'2016-02-29 15:22:11','2016-02-29 16:41:25',1,1200,1200,3),('70b72c9b-df8b-11e5-b982-68f728f3bf19','3_img_hot_product','<div class=\"c_model css_namespace_xxx\">\r\n	<style>\r\n		.css_namespace_xxx {}\r\n		img{border: 0;}\r\n		/*hot*/\r\n		.css_namespace_xxx .mbg-hot-product{width: 1200px; height: 180px; margin: 0 auto; overflow: hidden;}\r\n		.css_namespace_xxx .mbg-hot-product ul{width: 1210px;}\r\n		.css_namespace_xxx .mbg-hot-product li{position: relative; width: 400px; height: 180px; float: left; border-right: 1px solid #eee;}\r\n		.css_namespace_xxx .mbg-hot-product li .hot-content{position: absolute; top: 36px; right: 0; bottom: 0; left: 24px;}\r\n		.css_namespace_xxx .mbg-hot-product li h6, .css_namespace_xxx .mbg-hot-product li p{width: 180px; line-height: 22px; overflow:hidden;text-overflow:ellipsis;-o-text-overflow:ellipsis;white-space:nowrap;}\r\n		.css_namespace_xxx .mbg-hot-product li h6{font-size: 16px; color: #333; margin-bottom: 4px;}\r\n		.css_namespace_xxx .mbg-hot-product li p{font-size: 14px; color: #a0a0a0;}\r\n		.css_namespace_xxx .mbg-hot-product li a{position: relative; z-index: 1; -webkit-backface-visibility: hidden; display: block; width: 86px; height: 26px; margin-top: 15px; text-align: center; line-height: 26px; font-size: 14px; box-sizing: border-box;}\r\n		.css_namespace_xxx .mbg-hot-product li a.buy-btn{background-color: #dc2a2a; color: #fff; transition: background-color 0.3s, color 0.3s; -webkit-transition: background-color 0.3s, color 0.3s;}\r\n		.css_namespace_xxx .mbg-hot-product li a.buy-btn:before{content: \'\'; position: absolute; top: 0; left: 0; width: 100%; height: 100%; border: 1px solid #dc2a2a; z-index: -1; opacity: 0; -webkit-transform: scale3d(0.6, 0.6, 1); transform: scale3d(0.6, 0.6, 1); -webkit-transition: -webkit-transform 0.3s, opacity 0.3s; transition: transform 0.3s, opacity 0.3s; -webkit-transition-timing-function: cubic-bezier(0.75, 0, 0.125, 1); transition-timing-function: cubic-bezier(0.75, 0, 0.125, 1);}\r\n		.css_namespace_xxx .mbg-hot-product li a.buy-btn:hover{background-color: #fff; color: #dc2a2a;}\r\n		.css_namespace_xxx .mbg-hot-product li a.buy-btn:hover::before{-webkit-transform: scale3d(1, 1, 1); transform: scale3d(1, 1, 1); opacity: 1;}\r\n		.css_namespace_xxx .mbg-hot-product li a.yuyue-btn{overflow: hidden; background-color: #fff; border: 1px solid #dc2a2a; color: #dc2a2a;-webkit-transition: border-color 0.3s, background-color 0.3s; transition: border-color 0.3s, background-color 0.3s; -webkit-transition-timing-function: cubic-bezier(0.2, 1, 0.3, 1); transition-timing-function: cubic-bezier(0.2, 1, 0.3, 1);}\r\n		.css_namespace_xxx .mbg-hot-product li a.yuyue-btn span, .css_namespace_xxx .mbg-hot-product li a.yuyue-btn::after{-webkit-transition: -webkit-transform 0.3s, opacity 0.3s; transition: transform 0.3s, opacity 0.3s; -webkit-transition-timing-function: cubic-bezier(0.2, 1, 0.3, 1); transition-timing-function: cubic-bezier(0.2, 1, 0.3, 1);}\r\n		.css_namespace_xxx .mbg-hot-product li a.yuyue-btn:hover span{opacity: 0; -webkit-transform: translate3d(0, -50px, 0); transform: translate3d(0, -50px, 0); color: #fff;}\r\n		.css_namespace_xxx .mbg-hot-product li a.yuyue-btn::after{content: attr(data-text); position: absolute; width: 100%; height: 100%; top: 0; left: 0; opacity: 0; color: #fff; -webkit-transform: translate3d(0, 50px, 0); transform: translate3d(0, 50px, 0);}\r\n		.css_namespace_xxx .mbg-hot-product li a.yuyue-btn:hover{background-color: #dc2a2a; border-color: #dc2a2a;}\r\n		.css_namespace_xxx .mbg-hot-product li a.yuyue-btn:hover::after{opacity: 1; -webkit-transform: translate3d(0, 0, 0); transform: translate3d(0, 0, 0);}\r\n		.css_namespace_xxx .mbg-hot-product li .img-box img{float: right;}\r\n	</style>\r\n	<script class=\"tmpl\" type=\"text/template\">\r\n		<div class=\"mbg-hot-product\">\r\n			<ul>\r\n				{@each zone_item_list as it}\r\n					<li class=\"c_edit\" zone_id=\"${it.zone_id}\">\r\n						<div class=\"hot-content\">\r\n							<h6>${it.title.value}</h6>\r\n							<p>${it.description.value}</p>\r\n							{@if it.buy_title.value==\'立即预约\'}\r\n								<a href=\"#\" {@if it.new_open.value==1}target=\"_blank\"{@/if} class=\"yuyue-btn\" data-text=\"立即预约\">\r\n									<span>立即预约</span>\r\n								</a>\r\n							{@/if}\r\n							{@if it.buy_title.value==\'立即购买\'}\r\n								<a href=\"#\" {@if it.new_open.value==1}target=\"_blank\"{@/if} class=\"buy-btn\">\r\n									<span>立即购买</span>\r\n								</a>\r\n							{@/if}\r\n						</div>\r\n						<div class=\"img-box\">\r\n							<img src=\"${it.product_imgurl.value}\" width=\"400\" height=\"180\">\r\n						</div>\r\n					</li>\r\n				{@/each}\r\n			</ul>\r\n		</div>\r\n\r\n	</script>\r\n	<div class=\"translated\"></div>\r\n</div>\r\n\r\n<!--\r\n	\r\n{\r\n	\"zone_item_list\": [\r\n        {\r\n            \"zone_id\": \"1\", \r\n            \"title\": {\r\n                \"value\": \"微游戏机 MINI Station\", \r\n                \"type\": \"text\", \r\n                \"title\": \"标题\"\r\n            }, \r\n            \"description\": {\r\n                \"value\": \"预约送手机代金券\", \r\n                \"type\": \"text\", \r\n                \"title\": \"描述\"\r\n            }, \r\n            \"buy_title\": {\r\n                \"value\": \"立即预约\", \r\n                \"type\": \"text\", \r\n                \"title\": \"购买类型\"\r\n            }, \r\n            \"product_imgurl\": {\r\n                \"value\": \"/images/upload/hot-proimg.jpg\", \r\n                \"type\": \"img\", \r\n                \"title\": \"实物图片\", \r\n                \"height\": 180, \r\n                \"width\": 400, \r\n                \"size\": 30, \r\n                \"input_id\": \"product_img\"\r\n            },\r\n            \"href\": {\r\n		        \"value\": \"http://www.baidu.com\", \r\n		        \"type\": \"text\", \r\n		        \"title\": \"href\"\r\n		    },\r\n		    \"new_open\": {\r\n		        \"value\": \"1\", \r\n		        \"type\": \"selection\", \r\n		        \"title\": \"是否新窗口打开\", \r\n		        \"options\": [\r\n		            {\r\n		                \"key\": 1, \r\n		                \"value\": \"是\"\r\n		            }, {\r\n		                \"key\": 2, \r\n		                \"value\": \"否\"\r\n		            }\r\n		        ]\r\n		    }\r\n        },\r\n        {\r\n            \"zone_id\": \"2\", \r\n            \"title\": {\r\n                \"value\": \"微游戏机 MINI Station\", \r\n                \"type\": \"text\", \r\n                \"title\": \"标题\"\r\n            }, \r\n            \"description\": {\r\n                \"value\": \"预约送手机代金券\", \r\n                \"type\": \"text\", \r\n                \"title\": \"描述\"\r\n            }, \r\n            \"buy_title\": {\r\n                \"value\": \"立即购买\", \r\n                \"type\": \"text\", \r\n                \"title\": \"购买类型\"\r\n            }, \r\n            \"product_imgurl\": {\r\n                \"value\": \"/images/upload/hot-proimg.jpg\", \r\n                \"type\": \"img\", \r\n                \"title\": \"实物图片\", \r\n                \"height\": 180, \r\n                \"width\": 400, \r\n                \"size\": 30, \r\n                \"input_id\": \"product_img\"\r\n            },\r\n            \"href\": {\r\n		        \"value\": \"http://www.baidu.com\", \r\n		        \"type\": \"text\", \r\n		        \"title\": \"href\"\r\n		    },\r\n		    \"new_open\": {\r\n		        \"value\": \"1\", \r\n		        \"type\": \"selection\", \r\n		        \"title\": \"是否新窗口打开\", \r\n		        \"options\": [\r\n		            {\r\n		                \"key\": 1, \r\n		                \"value\": \"是\"\r\n		            }, {\r\n		                \"key\": 2, \r\n		                \"value\": \"否\"\r\n		            }\r\n		        ]\r\n		    }\r\n        },\r\n        {\r\n            \"zone_id\": \"3\", \r\n            \"title\": {\r\n                \"value\": \"微游戏机 MINI Station\", \r\n                \"type\": \"text\", \r\n                \"title\": \"标题\"\r\n            }, \r\n            \"description\": {\r\n                \"value\": \"预约送手机代金券\", \r\n                \"type\": \"text\", \r\n                \"title\": \"描述\"\r\n            }, \r\n            \"buy_title\": {\r\n                \"value\": \"立即购买\", \r\n                \"type\": \"text\", \r\n                \"title\": \"购买类型\"\r\n            }, \r\n            \"product_imgurl\": {\r\n                \"value\": \"/images/upload/hot-proimg.jpg\", \r\n                \"type\": \"img\", \r\n                \"title\": \"实物图片\", \r\n                \"height\": 180, \r\n                \"width\": 400, \r\n                \"size\": 30, \r\n                \"input_id\": \"product_img\"\r\n            },\r\n            \"href\": {\r\n		        \"value\": \"http://www.baidu.com\", \r\n		        \"type\": \"text\", \r\n		        \"title\": \"href\"\r\n		    },\r\n		    \"new_open\": {\r\n		        \"value\": \"1\", \r\n		        \"type\": \"selection\", \r\n		        \"title\": \"是否新窗口打开\", \r\n		        \"options\": [\r\n		            {\r\n		                \"key\": 1, \r\n		                \"value\": \"是\"\r\n		            }, {\r\n		                \"key\": 2, \r\n		                \"value\": \"否\"\r\n		            }\r\n		        ]\r\n		    }\r\n        }\r\n    ]\r\n}\r\n\r\n-->','3_img_hot_product.html','{\r\n	\"zone_item_list\": [\r\n        {\r\n            \"zone_id\": \"1\", \r\n            \"title\": {\r\n                \"value\": \"微游戏机 MINI Station\", \r\n                \"type\": \"text\", \r\n                \"title\": \"标题\"\r\n            }, \r\n            \"description\": {\r\n                \"value\": \"预约送手机代金券\", \r\n                \"type\": \"text\", \r\n                \"title\": \"描述\"\r\n            }, \r\n            \"buy_title\": {\r\n                \"value\": \"立即预约\", \r\n                \"type\": \"text\", \r\n                \"title\": \"购买类型\"\r\n            }, \r\n            \"product_imgurl\": {\r\n                \"value\": \"/images/upload/hot-proimg.jpg\", \r\n                \"type\": \"img\", \r\n                \"title\": \"实物图片\", \r\n                \"height\": 180, \r\n                \"width\": 400, \r\n                \"size\": 30, \r\n                \"input_id\": \"product_img\"\r\n            },\r\n            \"href\": {\r\n		        \"value\": \"http://www.baidu.com\", \r\n		        \"type\": \"text\", \r\n		        \"title\": \"href\"\r\n		    },\r\n		    \"new_open\": {\r\n		        \"value\": \"1\", \r\n		        \"type\": \"selection\", \r\n		        \"title\": \"是否新窗口打开\", \r\n		        \"options\": [\r\n		            {\r\n		                \"key\": 1, \r\n		                \"value\": \"是\"\r\n		            }, {\r\n		                \"key\": 2, \r\n		                \"value\": \"否\"\r\n		            }\r\n		        ]\r\n		    }\r\n        },\r\n        {\r\n            \"zone_id\": \"2\", \r\n            \"title\": {\r\n                \"value\": \"微游戏机 MINI Station\", \r\n                \"type\": \"text\", \r\n                \"title\": \"标题\"\r\n            }, \r\n            \"description\": {\r\n                \"value\": \"预约送手机代金券\", \r\n                \"type\": \"text\", \r\n                \"title\": \"描述\"\r\n            }, \r\n            \"buy_title\": {\r\n                \"value\": \"立即购买\", \r\n                \"type\": \"text\", \r\n                \"title\": \"购买类型\"\r\n            }, \r\n            \"product_imgurl\": {\r\n                \"value\": \"/images/upload/hot-proimg.jpg\", \r\n                \"type\": \"img\", \r\n                \"title\": \"实物图片\", \r\n                \"height\": 180, \r\n                \"width\": 400, \r\n                \"size\": 30, \r\n                \"input_id\": \"product_img\"\r\n            },\r\n            \"href\": {\r\n		        \"value\": \"http://www.baidu.com\", \r\n		        \"type\": \"text\", \r\n		        \"title\": \"href\"\r\n		    },\r\n		    \"new_open\": {\r\n		        \"value\": \"1\", \r\n		        \"type\": \"selection\", \r\n		        \"title\": \"是否新窗口打开\", \r\n		        \"options\": [\r\n		            {\r\n		                \"key\": 1, \r\n		                \"value\": \"是\"\r\n		            }, {\r\n		                \"key\": 2, \r\n		                \"value\": \"否\"\r\n		            }\r\n		        ]\r\n		    }\r\n        },\r\n        {\r\n            \"zone_id\": \"3\", \r\n            \"title\": {\r\n                \"value\": \"微游戏机 MINI Station\", \r\n                \"type\": \"text\", \r\n                \"title\": \"标题\"\r\n            }, \r\n            \"description\": {\r\n                \"value\": \"预约送手机代金券\", \r\n                \"type\": \"text\", \r\n                \"title\": \"描述\"\r\n            }, \r\n            \"buy_title\": {\r\n                \"value\": \"立即购买\", \r\n                \"type\": \"text\", \r\n                \"title\": \"购买类型\"\r\n            }, \r\n            \"product_imgurl\": {\r\n                \"value\": \"/images/upload/hot-proimg.jpg\", \r\n                \"type\": \"img\", \r\n                \"title\": \"实物图片\", \r\n                \"height\": 180, \r\n                \"width\": 400, \r\n                \"size\": 30, \r\n                \"input_id\": \"product_img\"\r\n            },\r\n            \"href\": {\r\n		        \"value\": \"http://www.baidu.com\", \r\n		        \"type\": \"text\", \r\n		        \"title\": \"href\"\r\n		    },\r\n		    \"new_open\": {\r\n		        \"value\": \"1\", \r\n		        \"type\": \"selection\", \r\n		        \"title\": \"是否新窗口打开\", \r\n		        \"options\": [\r\n		            {\r\n		                \"key\": 1, \r\n		                \"value\": \"是\"\r\n		            }, {\r\n		                \"key\": 2, \r\n		                \"value\": \"否\"\r\n		            }\r\n		        ]\r\n		    }\r\n        }\r\n    ]\r\n}','/images/upload/QQ图片20160301165550.png',2,'2016-03-01 16:56:08','2016-03-01 17:01:30',1,1200,1200,1),('9be916d1-dec6-11e5-8716-68f728f3bf19','4_img_info','<div class=\"c_model css_namespace_xxx\">\r\n	<style>\r\n		.css_namespace_xxx {}\r\n		.css_namespace_xxx .margin_left0{margin-left: 0px;}\r\n		.css_namespace_xxx ul > li{float: left;margin-left: 46px;}\r\n		.css_namespace_xxx ul > li img{width: 265px;height: 254px;}\r\n		.css_namespace_xxx .title{font-size: 18px;color: #000;text-align: center;line-height: 28px;margin-top: 35px;}\r\n		.css_namespace_xxx .description{font-size: 14px;color: #707070;text-align: center;line-height: 30px;}\r\n		.css_namespace_xxx .price{text-align: center;margin-top: 12px;margin-bottom: 66px;}\r\n		.css_namespace_xxx .price span{background: #f9e304;color: #000;font-size: 16px;border-radius: 10px;line-height: 25px;text-align: center;padding: 1px 10px;}\r\n	</style>\r\n	<script class=\"tmpl\" type=\"text/template\">\r\n		\r\n		<ul class=\"clear_rx\">\r\n			{@each zone_item_list as it,index}\r\n				<li class=\"c_edit {@if index==0}margin_left0{@/if}\" zone_id=\"${it.zone_id}\">\r\n					<a href=\"${it.href.value}\">\r\n						<img src=\"${it.product_imgurl.value}\" alt=\"实物图片\">\r\n						<div class=\"title\">${it.title.value}</div>\r\n						<div class=\"description\">${it.description.value}</div>\r\n						<div class=\"price\">\r\n							<span>${it.price.value}元</span>\r\n						</div>\r\n					</a>\r\n				</li>\r\n			{@/each}\r\n		</ul>\r\n		\r\n	</script>\r\n	<div class=\"translated\">\r\n	</div>\r\n</div>\r\n\r\n<!--\r\n\r\n{\r\n	\"zone_item_list\": [\r\n        {\r\n            \"zone_id\": \"1\", \r\n            \"title\": {\r\n                \"value\": \"Jabra蓝牙耳机\", \r\n                \"type\": \"text\", \r\n                \"title\": \"标题\", \r\n                \"key\": \"title\"\r\n            }, \r\n            \"description\": {\r\n                \"value\": \"舒适佩戴 语音导航 可同时与两部手机配对\", \r\n                \"type\": \"text\", \r\n                \"title\": \"描述\", \r\n                \"key\": \"description\"\r\n            }, \r\n            \"price\": {\r\n                \"value\": \"399\", \r\n                \"type\": \"text\", \r\n                \"title\": \"价格\", \r\n                \"key\": \"price\"\r\n            }, \r\n            \"product_imgurl\": {\r\n                \"value\": \"/images/upload/lenovo-phone01.jpg\", \r\n                \"type\": \"img\", \r\n                \"title\": \"实物图片\", \r\n                \"height\": 100, \r\n                \"width\": 200, \r\n                \"size\": 30, \r\n                \"input_id\": \"product_img\", \r\n                \"key\": \"product_imgurl\"\r\n            },\r\n            \"href\": {\r\n		        \"value\": \"700\", \r\n		        \"type\": \"text\", \r\n		        \"title\": \"href\", \r\n		        \"key\": \"price\"\r\n		    },\r\n		    \"new_open\": {\r\n		        \"value\": \"1\", \r\n		        \"type\": \"selection\", \r\n		        \"title\": \"是否新窗口打开\", \r\n		        \"options\": [\r\n		            {\r\n		                \"key\": 1, \r\n		                \"value\": \"是\"\r\n		            }, {\r\n		                \"key\": 2, \r\n		                \"value\": \"否\"\r\n		            }\r\n		        ]\r\n		    }\r\n        },\r\n        {\r\n            \"zone_id\": \"2\", \r\n            \"title\": {\r\n                \"value\": \"Jabra蓝牙耳机\", \r\n                \"type\": \"text\", \r\n                \"title\": \"标题\", \r\n                \"key\": \"title\"\r\n            }, \r\n            \"description\": {\r\n                \"value\": \"舒适佩戴 语音导航 可同时与两部手机配对\", \r\n                \"type\": \"text\", \r\n                \"title\": \"描述\", \r\n                \"key\": \"description\"\r\n            }, \r\n            \"price\": {\r\n                \"value\": \"399\", \r\n                \"type\": \"text\", \r\n                \"title\": \"价格\", \r\n                \"key\": \"price\"\r\n            }, \r\n            \"product_imgurl\": {\r\n                \"value\": \"/images/upload/lenovo-phone01.jpg\", \r\n                \"type\": \"img\", \r\n                \"title\": \"实物图片\", \r\n                \"height\": 100, \r\n                \"width\": 200, \r\n                \"size\": 30, \r\n                \"input_id\": \"product_img\", \r\n                \"key\": \"product_imgurl\"\r\n            },\r\n            \"href\": {\r\n		        \"value\": \"700\", \r\n		        \"type\": \"text\", \r\n		        \"title\": \"href\", \r\n		        \"key\": \"price\"\r\n		    },\r\n		    \"new_open\": {\r\n		        \"value\": \"1\", \r\n		        \"type\": \"selection\", \r\n		        \"title\": \"是否新窗口打开\", \r\n		        \"options\": [\r\n		            {\r\n		                \"key\": 1, \r\n		                \"value\": \"是\"\r\n		            }, {\r\n		                \"key\": 2, \r\n		                \"value\": \"否\"\r\n		            }\r\n		        ]\r\n		    }\r\n        },\r\n        {\r\n            \"zone_id\": \"3\", \r\n            \"title\": {\r\n                \"value\": \"Jabra蓝牙耳机\", \r\n                \"type\": \"text\", \r\n                \"title\": \"标题\", \r\n                \"key\": \"title\"\r\n            }, \r\n            \"description\": {\r\n                \"value\": \"舒适佩戴 语音导航 可同时与两部手机配对\", \r\n                \"type\": \"text\", \r\n                \"title\": \"描述\", \r\n                \"key\": \"description\"\r\n            }, \r\n            \"price\": {\r\n                \"value\": \"399\", \r\n                \"type\": \"text\", \r\n                \"title\": \"价格\", \r\n                \"key\": \"price\"\r\n            }, \r\n            \"product_imgurl\": {\r\n                \"value\": \"/images/upload/lenovo-phone01.jpg\", \r\n                \"type\": \"img\", \r\n                \"title\": \"实物图片\", \r\n                \"height\": 100, \r\n                \"width\": 200, \r\n                \"size\": 30, \r\n                \"input_id\": \"product_img\", \r\n                \"key\": \"product_imgurl\"\r\n            },\r\n            \"href\": {\r\n		        \"value\": \"700\", \r\n		        \"type\": \"text\", \r\n		        \"title\": \"href\", \r\n		        \"key\": \"price\"\r\n		    },\r\n		    \"new_open\": {\r\n		        \"value\": \"1\", \r\n		        \"type\": \"selection\", \r\n		        \"title\": \"是否新窗口打开\", \r\n		        \"options\": [\r\n		            {\r\n		                \"key\": 1, \r\n		                \"value\": \"是\"\r\n		            }, {\r\n		                \"key\": 2, \r\n		                \"value\": \"否\"\r\n		            }\r\n		        ]\r\n		    }\r\n        }, \r\n        {\r\n            \"zone_id\": \"4\", \r\n            \"title\": {\r\n                \"value\": \"乐檬k31\", \r\n                \"type\": \"text\", \r\n                \"title\": \"标题\", \r\n                \"key\": \"title\"\r\n            }, \r\n            \"description\": {\r\n                \"value\": \"千元性价比新选择\", \r\n                \"type\": \"text\", \r\n                \"title\": \"描述\", \r\n                \"key\": \"description\"\r\n            }, \r\n            \"price\": {\r\n                \"value\": \"700\", \r\n                \"type\": \"text\", \r\n                \"title\": \"价格\", \r\n                \"key\": \"price\"\r\n            }, \r\n            \"product_imgurl\": {\r\n                \"value\": \"/images/upload/lenovo-phone01.jpg\", \r\n                \"type\": \"img\", \r\n                \"title\": \"实物图片\", \r\n                \"height\": 100, \r\n                \"width\": 200, \r\n                \"size\": 30, \r\n                \"input_id\": \"product_img\", \r\n                \"key\": \"product_imgurl\"\r\n            },\r\n            \"href\": {\r\n		        \"value\": \"700\", \r\n		        \"type\": \"text\", \r\n		        \"title\": \"href\", \r\n		        \"key\": \"price\"\r\n		    },\r\n		    \"new_open\": {\r\n		        \"value\": \"1\", \r\n		        \"type\": \"selection\", \r\n		        \"title\": \"是否新窗口打开\", \r\n		        \"options\": [\r\n		            {\r\n		                \"key\": 1, \r\n		                \"value\": \"是\"\r\n		            }, {\r\n		                \"key\": 2, \r\n		                \"value\": \"否\"\r\n		            }\r\n		        ]\r\n		    }\r\n        }\r\n    ]\r\n}\r\n\r\n-->','4_img_info.html','{\r\n	\"zone_item_list\": [\r\n        {\r\n            \"zone_id\": \"1\", \r\n            \"title\": {\r\n                \"value\": \"Jabra蓝牙耳机\", \r\n                \"type\": \"text\", \r\n                \"title\": \"标题\", \r\n                \"key\": \"title\"\r\n            }, \r\n            \"description\": {\r\n                \"value\": \"舒适佩戴 语音导航 可同时与两部手机配对\", \r\n                \"type\": \"text\", \r\n                \"title\": \"描述\", \r\n                \"key\": \"description\"\r\n            }, \r\n            \"price\": {\r\n                \"value\": \"399\", \r\n                \"type\": \"text\", \r\n                \"title\": \"价格\", \r\n                \"key\": \"price\"\r\n            }, \r\n            \"product_imgurl\": {\r\n                \"value\": \"/images/upload/lenovo-phone01.jpg\", \r\n                \"type\": \"img\", \r\n                \"title\": \"实物图片\", \r\n                \"height\": 100, \r\n                \"width\": 200, \r\n                \"size\": 30, \r\n                \"input_id\": \"product_img\", \r\n                \"key\": \"product_imgurl\"\r\n            },\r\n            \"href\": {\r\n		        \"value\": \"700\", \r\n		        \"type\": \"text\", \r\n		        \"title\": \"href\", \r\n		        \"key\": \"price\"\r\n		    },\r\n		    \"new_open\": {\r\n		        \"value\": \"1\", \r\n		        \"type\": \"selection\", \r\n		        \"title\": \"是否新窗口打开\", \r\n		        \"options\": [\r\n		            {\r\n		                \"key\": 1, \r\n		                \"value\": \"是\"\r\n		            }, {\r\n		                \"key\": 2, \r\n		                \"value\": \"否\"\r\n		            }\r\n		        ]\r\n		    }\r\n        },\r\n        {\r\n            \"zone_id\": \"2\", \r\n            \"title\": {\r\n                \"value\": \"Jabra蓝牙耳机\", \r\n                \"type\": \"text\", \r\n                \"title\": \"标题\", \r\n                \"key\": \"title\"\r\n            }, \r\n            \"description\": {\r\n                \"value\": \"舒适佩戴 语音导航 可同时与两部手机配对\", \r\n                \"type\": \"text\", \r\n                \"title\": \"描述\", \r\n                \"key\": \"description\"\r\n            }, \r\n            \"price\": {\r\n                \"value\": \"399\", \r\n                \"type\": \"text\", \r\n                \"title\": \"价格\", \r\n                \"key\": \"price\"\r\n            }, \r\n            \"product_imgurl\": {\r\n                \"value\": \"/images/upload/lenovo-phone01.jpg\", \r\n                \"type\": \"img\", \r\n                \"title\": \"实物图片\", \r\n                \"height\": 100, \r\n                \"width\": 200, \r\n                \"size\": 30, \r\n                \"input_id\": \"product_img\", \r\n                \"key\": \"product_imgurl\"\r\n            },\r\n            \"href\": {\r\n		        \"value\": \"700\", \r\n		        \"type\": \"text\", \r\n		        \"title\": \"href\", \r\n		        \"key\": \"price\"\r\n		    },\r\n		    \"new_open\": {\r\n		        \"value\": \"1\", \r\n		        \"type\": \"selection\", \r\n		        \"title\": \"是否新窗口打开\", \r\n		        \"options\": [\r\n		            {\r\n		                \"key\": 1, \r\n		                \"value\": \"是\"\r\n		            }, {\r\n		                \"key\": 2, \r\n		                \"value\": \"否\"\r\n		            }\r\n		        ]\r\n		    }\r\n        },\r\n        {\r\n            \"zone_id\": \"3\", \r\n            \"title\": {\r\n                \"value\": \"Jabra蓝牙耳机\", \r\n                \"type\": \"text\", \r\n                \"title\": \"标题\", \r\n                \"key\": \"title\"\r\n            }, \r\n            \"description\": {\r\n                \"value\": \"舒适佩戴 语音导航 可同时与两部手机配对\", \r\n                \"type\": \"text\", \r\n                \"title\": \"描述\", \r\n                \"key\": \"description\"\r\n            }, \r\n            \"price\": {\r\n                \"value\": \"399\", \r\n                \"type\": \"text\", \r\n                \"title\": \"价格\", \r\n                \"key\": \"price\"\r\n            }, \r\n            \"product_imgurl\": {\r\n                \"value\": \"/images/upload/lenovo-phone01.jpg\", \r\n                \"type\": \"img\", \r\n                \"title\": \"实物图片\", \r\n                \"height\": 100, \r\n                \"width\": 200, \r\n                \"size\": 30, \r\n                \"input_id\": \"product_img\", \r\n                \"key\": \"product_imgurl\"\r\n            },\r\n            \"href\": {\r\n		        \"value\": \"700\", \r\n		        \"type\": \"text\", \r\n		        \"title\": \"href\", \r\n		        \"key\": \"price\"\r\n		    },\r\n		    \"new_open\": {\r\n		        \"value\": \"1\", \r\n		        \"type\": \"selection\", \r\n		        \"title\": \"是否新窗口打开\", \r\n		        \"options\": [\r\n		            {\r\n		                \"key\": 1, \r\n		                \"value\": \"是\"\r\n		            }, {\r\n		                \"key\": 2, \r\n		                \"value\": \"否\"\r\n		            }\r\n		        ]\r\n		    }\r\n        }, \r\n        {\r\n            \"zone_id\": \"4\", \r\n            \"title\": {\r\n                \"value\": \"乐檬k31\", \r\n                \"type\": \"text\", \r\n                \"title\": \"标题\", \r\n                \"key\": \"title\"\r\n            }, \r\n            \"description\": {\r\n                \"value\": \"千元性价比新选择\", \r\n                \"type\": \"text\", \r\n                \"title\": \"描述\", \r\n                \"key\": \"description\"\r\n            }, \r\n            \"price\": {\r\n                \"value\": \"700\", \r\n                \"type\": \"text\", \r\n                \"title\": \"价格\", \r\n                \"key\": \"price\"\r\n            }, \r\n            \"product_imgurl\": {\r\n                \"value\": \"/images/upload/lenovo-phone01.jpg\", \r\n                \"type\": \"img\", \r\n                \"title\": \"实物图片\", \r\n                \"height\": 100, \r\n                \"width\": 200, \r\n                \"size\": 30, \r\n                \"input_id\": \"product_img\", \r\n                \"key\": \"product_imgurl\"\r\n            },\r\n            \"href\": {\r\n		        \"value\": \"700\", \r\n		        \"type\": \"text\", \r\n		        \"title\": \"href\", \r\n		        \"key\": \"price\"\r\n		    },\r\n		    \"new_open\": {\r\n		        \"value\": \"1\", \r\n		        \"type\": \"selection\", \r\n		        \"title\": \"是否新窗口打开\", \r\n		        \"options\": [\r\n		            {\r\n		                \"key\": 1, \r\n		                \"value\": \"是\"\r\n		            }, {\r\n		                \"key\": 2, \r\n		                \"value\": \"否\"\r\n		            }\r\n		        ]\r\n		    }\r\n        }\r\n    ]\r\n}','/images/upload/QQ图片20160229172633.png',2,'2016-02-29 17:27:10','2016-02-29 17:30:17',1,1200,1200,1),('d7798623-debf-11e5-8716-68f728f3bf19','单个图片','<div class=\"c_model css_namespace_xxx\">\r\n	<style>\r\n		\r\n	</style>\r\n	<script class=\"tmpl\" type=\"text/template\">\r\n		<a href=\"${href.value}\" {@if new_open.value==1}target=\"_blank\"{@/if}>\r\n            <img src=\"${bg_imgurl.value}\" alt=\"图片\">      \r\n        </a>\r\n	</script>\r\n	<div class=\"translated c_edit\">\r\n		\r\n	</div>\r\n</div>\r\n\r\n<!--\r\n\r\n{\r\n    \"bg_imgurl\": {\r\n        \"value\": \"/images/upload/QQ图片20160229155512.png\", \r\n        \"type\": \"img\", \r\n        \"title\": \"图片链接\", \r\n        \"height\": 100, \r\n        \"width\": 200, \r\n        \"size\": 30, \r\n        \"input_id\": \"bg_img\", \r\n        \"key\": \"bg_imgurl\"\r\n    }, \r\n    \"href\": {\r\n        \"value\": \"700\", \r\n        \"type\": \"text\", \r\n        \"title\": \"href\", \r\n        \"key\": \"price\"\r\n    },\r\n    \"new_open\": {\r\n        \"value\": \"1\", \r\n        \"type\": \"selection\", \r\n        \"title\": \"是否新窗口打开\", \r\n        \"options\": [\r\n            {\r\n                \"key\": 1, \r\n                \"value\": \"是\"\r\n            }, {\r\n                \"key\": 2, \r\n                \"value\": \"否\"\r\n            }\r\n        ]\r\n    }\r\n}\r\n-->','one_img.html','{\r\n    \"bg_imgurl\": {\r\n        \"value\": \"/images/upload/QQ图片20160229155512.png\", \r\n        \"type\": \"img\", \r\n        \"title\": \"图片链接\", \r\n        \"height\": 100, \r\n        \"width\": 200, \r\n        \"size\": 30, \r\n        \"input_id\": \"bg_img\", \r\n        \"key\": \"bg_imgurl\"\r\n    }, \r\n    \"href\": {\r\n        \"value\": \"700\", \r\n        \"type\": \"text\", \r\n        \"title\": \"href\", \r\n        \"key\": \"price\"\r\n    },\r\n    \"new_open\": {\r\n        \"value\": \"1\", \r\n        \"type\": \"selection\", \r\n        \"title\": \"是否新窗口打开\", \r\n        \"options\": [\r\n            {\r\n                \"key\": 1, \r\n                \"value\": \"是\"\r\n            }, {\r\n                \"key\": 2, \r\n                \"value\": \"否\"\r\n            }\r\n        ]\r\n    }\r\n}','/images/upload/QQ图片20160229162435.png',2,'2016-02-29 16:38:44','2016-02-29 16:44:02',1,1200,1200,3);

/*Table structure for table `c_page` */

DROP TABLE IF EXISTS `c_page`;

CREATE TABLE `c_page` (
  `id` char(36) NOT NULL,
  `name` varchar(80) DEFAULT NULL,
  `create_time` datetime DEFAULT NULL,
  PRIMARY KEY (`id`)
) ENGINE=InnoDB DEFAULT CHARSET=utf8;

/*Data for the table `c_page` */

insert  into `c_page`(`id`,`name`,`create_time`) values ('4552e7d0-df7f-11e5-9e46-796d7959876a','M  B  G  首页','2016-03-01 15:29:02'),('eeb2efb0-deb1-11e5-91a7-61e72a14d8c7','MBG首页','2016-02-29 14:59:09');

/*Table structure for table `c_page_block` */

DROP TABLE IF EXISTS `c_page_block`;

CREATE TABLE `c_page_block` (
  `id` char(36) NOT NULL,
  `c_block_id` char(36) DEFAULT NULL,
  `c_page_id` char(36) DEFAULT NULL,
  `order` int(5) DEFAULT NULL,
  `style` varchar(100) DEFAULT NULL,
  `create_time` datetime DEFAULT NULL,
  `last_edit_time` datetime DEFAULT NULL,
  PRIMARY KEY (`id`)
) ENGINE=InnoDB DEFAULT CHARSET=utf8;

/*Data for the table `c_page_block` */

insert  into `c_page_block`(`id`,`c_block_id`,`c_page_id`,`order`,`style`,`create_time`,`last_edit_time`) values ('457b6a0f-df7f-11e5-b982-68f728f3bf19','f4721a20-df7e-11e5-9e46-796d7959876a','4552e7d0-df7f-11e5-9e46-796d7959876a',1,NULL,'2016-03-01 15:29:02','2016-03-01 15:29:02'),('457cb3ec-df7f-11e5-b982-68f728f3bf19','f49d262a-df7e-11e5-b982-68f728f3bf19','4552e7d0-df7f-11e5-9e46-796d7959876a',1,NULL,'2016-03-01 15:29:02','2016-03-01 15:29:02'),('eecf4bf0-deb1-11e5-8716-68f728f3bf19','da0d2630-bcdc-11e5-a880-79053797b1e5','eeb2efb0-deb1-11e5-91a7-61e72a14d8c7',1,NULL,'2016-02-29 14:59:10','2016-02-29 14:59:10');

/*Table structure for table `c_page_blocks` */

DROP TABLE IF EXISTS `c_page_blocks`;

CREATE TABLE `c_page_blocks` (
  `id` char(36) NOT NULL,
  `c_blocks_id` char(36) DEFAULT NULL,
  `c_page_id` char(36) DEFAULT NULL,
  `order` int(5) DEFAULT NULL,
  `style` varchar(100) DEFAULT NULL,
  `create_time` datetime DEFAULT NULL,
  `last_edit_time` datetime DEFAULT NULL,
  PRIMARY KEY (`id`)
) ENGINE=InnoDB DEFAULT CHARSET=utf8;

/*Data for the table `c_page_blocks` */

insert  into `c_page_blocks`(`id`,`c_blocks_id`,`c_page_id`,`order`,`style`,`create_time`,`last_edit_time`) values ('457b4356-df7f-11e5-b982-68f728f3bf19','f471f311-df7e-11e5-9e46-796d7959876a','4552e7d0-df7f-11e5-9e46-796d7959876a',2,NULL,'2016-03-01 15:29:02','2016-03-01 15:29:02'),('457c25b4-df7f-11e5-b982-68f728f3bf19','f471f310-df7e-11e5-9e46-796d7959876a','4552e7d0-df7f-11e5-9e46-796d7959876a',1,NULL,'2016-03-01 15:29:02','2016-03-01 15:29:02'),('eececd57-deb1-11e5-8716-68f728f3bf19','da0cff20-bcdc-11e5-a880-79053797b1e5','eeb2efb0-deb1-11e5-91a7-61e72a14d8c7',1,NULL,'2016-02-29 14:59:10','2016-02-29 14:59:10');

/*Table structure for table `c_page_floor` */

DROP TABLE IF EXISTS `c_page_floor`;

CREATE TABLE `c_page_floor` (
  `id` char(36) NOT NULL,
  `c_floor_id` char(36) DEFAULT NULL,
  `c_page_id` char(36) DEFAULT NULL,
  `order` int(5) DEFAULT '1',
  `style` varchar(100) DEFAULT 'margin-top:0px!important;margin-bottom:0px!important;',
  `create_time` datetime DEFAULT NULL,
  `last_edit_time` datetime DEFAULT NULL,
  `model_type` int(1) DEFAULT '1' COMMENT '模板类型：1.综合，2.轮播，3.单图，4.其他',
  `term_type` int(1) DEFAULT '1' COMMENT '终端类型：1.PC,2.WAP',
  `query_height` int(5) DEFAULT '0' COMMENT '过滤模板时用，0代表不限高度',
  PRIMARY KEY (`id`)
) ENGINE=InnoDB DEFAULT CHARSET=utf8;

/*Data for the table `c_page_floor` */

insert  into `c_page_floor`(`id`,`c_floor_id`,`c_page_id`,`order`,`style`,`create_time`,`last_edit_time`,`model_type`,`term_type`,`query_height`) values ('272fa017-dec9-11e5-8716-68f728f3bf19','27170140-dec9-11e5-868b-7164265838aa','eeb2efb0-deb1-11e5-91a7-61e72a14d8c7',-2,'margin-top:0px!important;margin-bottom:0px!important;','2016-02-29 17:45:23','2016-02-29 17:45:23',1,1,0),('2dc0ed9c-deb5-11e5-8716-68f728f3bf19','2db6a6e0-deb5-11e5-91a7-61e72a14d8c7','eeb2efb0-deb1-11e5-91a7-61e72a14d8c7',1,'margin-top:0px!important;margin-bottom:0px!important;','2016-02-29 15:22:24','2016-02-29 15:22:24',1,1,0),('4bce3601-df7f-11e5-b982-68f728f3bf19','4ba78aa0-df7f-11e5-9e46-796d7959876a','4552e7d0-df7f-11e5-9e46-796d7959876a',1,'margin-top:0px!important;margin-bottom:0px!important;','2016-03-01 15:29:12','2016-03-01 15:29:12',1,1,0),('6e8e0db4-df86-11e5-b982-68f728f3bf19','6e5eb3a0-df86-11e5-a0de-d3bbb37ea1ac','4552e7d0-df7f-11e5-9e46-796d7959876a',2,'margin-top:0px!important;margin-bottom:0px!important;','2016-03-01 16:20:17','2016-03-01 16:20:17',1,1,0),('7dfac9bd-df8b-11e5-b982-68f728f3bf19','7ddea6a0-df8b-11e5-a0de-d3bbb37ea1ac','4552e7d0-df7f-11e5-9e46-796d7959876a',-2,'margin-top:0px!important;margin-bottom:0px!important;','2016-03-01 16:56:30','2016-03-01 16:56:30',1,1,0),('92fb52fe-dec1-11e5-8716-68f728f3bf19','92faea00-dec1-11e5-868b-7164265838aa','eeb2efb0-deb1-11e5-91a7-61e72a14d8c7',0,'margin-top:0px!important;margin-bottom:0px!important;','2016-02-29 16:51:08','2016-02-29 16:51:08',1,1,0),('9e692484-df85-11e5-b982-68f728f3bf19','9e3a1840-df85-11e5-a0de-d3bbb37ea1ac','4552e7d0-df7f-11e5-9e46-796d7959876a',1,'margin-top:0px!important;margin-bottom:0px!important;','2016-03-01 16:14:28','2016-03-01 16:14:28',1,1,0),('9fccdd67-df85-11e5-b982-68f728f3bf19','9fa05f00-df85-11e5-a0de-d3bbb37ea1ac','4552e7d0-df7f-11e5-9e46-796d7959876a',0,'margin-top:0px!important;margin-bottom:0px!important;','2016-03-01 16:14:30','2016-03-01 16:14:30',1,1,0),('a19be688-df85-11e5-b982-68f728f3bf19','a16fa0c0-df85-11e5-a0de-d3bbb37ea1ac','4552e7d0-df7f-11e5-9e46-796d7959876a',-1,'margin-top:0px!important;margin-bottom:0px!important;','2016-03-01 16:14:33','2016-03-01 16:14:33',1,1,0),('a2fafe9b-dec6-11e5-8716-68f728f3bf19','a2ed74f0-dec6-11e5-868b-7164265838aa','eeb2efb0-deb1-11e5-91a7-61e72a14d8c7',-1,'margin-top:0px!important;margin-bottom:0px!important;','2016-02-29 17:27:22','2016-02-29 17:27:22',1,1,0),('e1f2f0a5-debf-11e5-8716-68f728f3bf19','e1fcd070-debf-11e5-868b-7164265838aa','eeb2efb0-deb1-11e5-91a7-61e72a14d8c7',2,'margin-top:0px!important;margin-bottom:0px!important;','2016-02-29 16:39:01','2016-02-29 16:39:01',1,1,0);

/*Table structure for table `c_page_layout` */

DROP TABLE IF EXISTS `c_page_layout`;

CREATE TABLE `c_page_layout` (
  `id` char(36) NOT NULL,
  `c_layout_id` char(36) DEFAULT NULL,
  `c_page_id` char(36) DEFAULT NULL,
  `project_name` varchar(80) DEFAULT NULL,
  `create_time` datetime DEFAULT NULL,
  `last_edit_time` datetime DEFAULT NULL,
  PRIMARY KEY (`id`)
) ENGINE=InnoDB DEFAULT CHARSET=utf8;

/*Data for the table `c_page_layout` */

insert  into `c_page_layout`(`id`,`c_layout_id`,`c_page_id`,`project_name`,`create_time`,`last_edit_time`) values ('4579a4dc-df7f-11e5-b982-68f728f3bf19','f471cc00-df7e-11e5-9e46-796d7959876a','4552e7d0-df7f-11e5-9e46-796d7959876a','mbg','2016-03-01 15:29:02','2016-03-01 15:29:02'),('eeccbd1a-deb1-11e5-8716-68f728f3bf19','da0cb100-bcdc-11e5-a880-79053797b1e5','eeb2efb0-deb1-11e5-91a7-61e72a14d8c7','MBG','2016-02-29 14:59:09','2016-03-01 15:21:19');

/*!40101 SET SQL_MODE=@OLD_SQL_MODE */;
/*!40014 SET FOREIGN_KEY_CHECKS=@OLD_FOREIGN_KEY_CHECKS */;
/*!40014 SET UNIQUE_CHECKS=@OLD_UNIQUE_CHECKS */;
/*!40111 SET SQL_NOTES=@OLD_SQL_NOTES */;
