/*
SQLyog Ultimate v11.27 (32 bit)
MySQL - 5.6.24 : Database - cms2
*********************************************************************
*/

/*!40101 SET NAMES utf8 */;

/*!40101 SET SQL_MODE=''*/;

/*!40014 SET @OLD_UNIQUE_CHECKS=@@UNIQUE_CHECKS, UNIQUE_CHECKS=0 */;
/*!40014 SET @OLD_FOREIGN_KEY_CHECKS=@@FOREIGN_KEY_CHECKS, FOREIGN_KEY_CHECKS=0 */;
/*!40101 SET @OLD_SQL_MODE=@@SQL_MODE, SQL_MODE='NO_AUTO_VALUE_ON_ZERO' */;
/*!40111 SET @OLD_SQL_NOTES=@@SQL_NOTES, SQL_NOTES=0 */;
CREATE DATABASE /*!32312 IF NOT EXISTS*/`cms2` /*!40100 DEFAULT CHARACTER SET utf8 */;

USE `cms2`;

/*Table structure for table `c_block` */

DROP TABLE IF EXISTS `c_block`;

CREATE TABLE `c_block` (
  `id` char(36) NOT NULL,
  `content` text,
  `c_blocks_id` char(36) DEFAULT NULL,
  `create_time` datetime DEFAULT NULL,
  `default_order` int(5) DEFAULT NULL COMMENT '块的默认顺序',
  `default_style` varchar(100) DEFAULT NULL,
  PRIMARY KEY (`id`)
) ENGINE=InnoDB DEFAULT CHARSET=utf8;

/*Data for the table `c_block` */

insert  into `c_block`(`id`,`content`,`c_blocks_id`,`create_time`,`default_order`,`default_style`) values ('1561ad81-bcdf-11e5-a880-79053797b1e5','<div class=\"c_block fl_rx h300 c2\"></div>','1561ad80-bcdf-11e5-a880-79053797b1e5','2016-01-17 13:56:42',1,'width:50%!important;'),('1561ad82-bcdf-11e5-a880-79053797b1e5','<div class=\"c_block fl_rx h300 c3\"></div>','1561ad80-bcdf-11e5-a880-79053797b1e5','2016-01-17 13:56:42',2,'width:50%!important;'),('1561ad84-bcdf-11e5-a880-79053797b1e5','<div class=\"c_block h300 c6\"></div>','1561ad83-bcdf-11e5-a880-79053797b1e5','2016-01-17 13:56:42',1,NULL),('1561ad86-bcdf-11e5-a880-79053797b1e5','<div class=\"c_block fl_rx h300 c4\"></div>','1561ad85-bcdf-11e5-a880-79053797b1e5','2016-01-17 13:56:42',1,'width:50%!important;'),('1561ad87-bcdf-11e5-a880-79053797b1e5','<div class=\"c_block fl_rx h300 c5\"></div>','1561ad85-bcdf-11e5-a880-79053797b1e5','2016-01-17 13:56:42',2,'width:50%!important;'),('493043a1-e512-11e5-826f-5784c14dfc17','<div class=\"c_block fl_rx h300 c18\"></div>','493043a0-e512-11e5-826f-5784c14dfc17','2016-03-08 17:44:00',1,'width:33%!important;'),('493043a2-e512-11e5-826f-5784c14dfc17','<div class=\"c_block fl_rx h300 c1\"></div>','493043a0-e512-11e5-826f-5784c14dfc17','2016-03-08 17:44:00',2,'width:33%!important;'),('49306ab0-e512-11e5-826f-5784c14dfc17','<div class=\"c_block fl_rx h300 c2\"></div>','493043a0-e512-11e5-826f-5784c14dfc17','2016-03-08 17:44:00',3,'width:33%!important;'),('81d21010-bcdd-11e5-a880-79053797b1e5','<div class=\"c_block fl_rx h300 c2\"></div>','81d1e901-bcdd-11e5-a880-79053797b1e5','2016-01-17 13:45:25',1,'width:33%!important;'),('81d21011-bcdd-11e5-a880-79053797b1e5','<div class=\"c_block fl_rx h300 c3\"></div>','81d1e901-bcdd-11e5-a880-79053797b1e5','2016-01-17 13:45:25',2,'width:33%!important;'),('81d21012-bcdd-11e5-a880-79053797b1e5','<div class=\"c_block fl_rx h300 c4\"></div>','81d1e901-bcdd-11e5-a880-79053797b1e5','2016-01-17 13:45:25',3,'width:33%!important;'),('81d28540-bcdd-11e5-a880-79053797b1e5','<div class=\"c_block fl_rx h300 c15\"></div>','81d21013-bcdd-11e5-a880-79053797b1e5','2016-01-17 13:45:25',1,'width:33%!important;'),('81d28541-bcdd-11e5-a880-79053797b1e5','<div class=\"c_block fl_rx h300 c17\"></div>','81d21013-bcdd-11e5-a880-79053797b1e5','2016-01-17 13:45:25',2,'width:33%!important;'),('81d2ac50-bcdd-11e5-a880-79053797b1e5','<div class=\"c_block fl_rx h300 c18\"></div>','81d21013-bcdd-11e5-a880-79053797b1e5','2016-01-17 13:45:25',3,'width:33%!important;'),('9b03d772-bcde-11e5-a880-79053797b1e5','<div class=\"c_block fl_rx h300 c15\"></div>','9b03d771-bcde-11e5-a880-79053797b1e5','2016-01-17 13:53:17',1,'width:50%!important;'),('9b03d773-bcde-11e5-a880-79053797b1e5','<div class=\"c_block fl_rx h300 c3\"></div>','9b03d771-bcde-11e5-a880-79053797b1e5','2016-01-17 13:53:17',2,'width:50%!important;'),('9c031472-bcdd-11e5-a880-79053797b1e5','<div class=\"c_block fl_rx h300 c2\"></div>','9c031471-bcdd-11e5-a880-79053797b1e5','2016-01-17 13:46:09',1,'width:33%!important;'),('9c031473-bcdd-11e5-a880-79053797b1e5','<div class=\"c_block fl_rx h300 c3\"></div>','9c031471-bcdd-11e5-a880-79053797b1e5','2016-01-17 13:46:09',2,'width:33%!important;'),('9c031474-bcdd-11e5-a880-79053797b1e5','<div class=\"c_block fl_rx h300 c4\"></div>','9c031471-bcdd-11e5-a880-79053797b1e5','2016-01-17 13:46:09',3,'width:33%!important;'),('9c033b80-bcdd-11e5-a880-79053797b1e5','<div class=\"c_block fl_rx h300 c15\"></div>','9c031475-bcdd-11e5-a880-79053797b1e5','2016-01-17 13:46:09',1,'width:33%!important;'),('9c033b81-bcdd-11e5-a880-79053797b1e5','<div class=\"c_block fl_rx h300 c17\"></div>','9c031475-bcdd-11e5-a880-79053797b1e5','2016-01-17 13:46:09',2,'width:33%!important;'),('9c033b82-bcdd-11e5-a880-79053797b1e5','<div class=\"c_block fl_rx h300 c18\"></div>','9c031475-bcdd-11e5-a880-79053797b1e5','2016-01-17 13:46:09',3,'width:33%!important;'),('9c033b84-bcdd-11e5-a880-79053797b1e5','<div class=\"c_block fl_rx h300 c3\"></div>','9c033b83-bcdd-11e5-a880-79053797b1e5','2016-01-17 13:46:09',1,'width:33%!important;'),('9c036290-bcdd-11e5-a880-79053797b1e5','<div class=\"c_block fl_rx h300 c4\"></div>','9c033b83-bcdd-11e5-a880-79053797b1e5','2016-01-17 13:46:09',2,'width:33%!important;'),('9c036291-bcdd-11e5-a880-79053797b1e5','<div class=\"c_block fl_rx h300 c1\"></div>','9c033b83-bcdd-11e5-a880-79053797b1e5','2016-01-17 13:46:09',3,'width:33%!important;'),('da0d2630-bcdc-11e5-a880-79053797b1e5','<div class=\"c_block h300 c18\"></div>','da0cff20-bcdc-11e5-a880-79053797b1e5','2016-01-17 13:40:44',1,NULL),('e577bc91-e434-11e5-aba1-4f1931d60ccd','<div class=\"c_block h300 c18\"></div>','e577bc90-e434-11e5-aba1-4f1931d60ccd','2016-03-07 15:19:14',1,NULL),('e577e3a1-e434-11e5-aba1-4f1931d60ccd','<div class=\"c_block fl_rx h300 c2\"></div>','e577e3a0-e434-11e5-aba1-4f1931d60ccd','2016-03-07 15:19:14',1,'width:25%!important;'),('e577e3a2-e434-11e5-aba1-4f1931d60ccd','<div class=\"c_block fl_rx h300 c3\"></div>','e577e3a0-e434-11e5-aba1-4f1931d60ccd','2016-03-07 15:19:14',2,'width:25%!important;'),('e577e3a3-e434-11e5-aba1-4f1931d60ccd','<div class=\"c_block fl_rx h300 c4\"></div>','e577e3a0-e434-11e5-aba1-4f1931d60ccd','2016-03-07 15:19:14',3,'width:25%!important;'),('e577e3a4-e434-11e5-aba1-4f1931d60ccd','<div class=\"c_block fl_rx h300 c5\"></div>','e577e3a0-e434-11e5-aba1-4f1931d60ccd','2016-03-07 15:19:14',4,'width:25%!important;'),('f4721a20-df7e-11e5-9e46-796d7959876a','<div class=\"c_block h300 c1\"></div>','f471f311-df7e-11e5-9e46-796d7959876a','2016-03-01 15:26:46',1,NULL),('f49d262a-df7e-11e5-b982-68f728f3bf19','<div class=\"c_block blocks_move h300 c17\"></div>','f471f310-df7e-11e5-9e46-796d7959876a','2016-03-01 15:26:46',1,NULL),('f9aefd11-bcdc-11e5-a880-79053797b1e5','<div class=\"c_block h300 c18\"></div>','f9aefd10-bcdc-11e5-a880-79053797b1e5','2016-01-17 13:41:37',1,NULL),('f9aefd13-bcdc-11e5-a880-79053797b1e5','<div class=\"c_block fl_rx h300 c2\"></div>','f9aefd12-bcdc-11e5-a880-79053797b1e5','2016-01-17 13:41:37',1,'width:50%!important;'),('f9aefd14-bcdc-11e5-a880-79053797b1e5','<div class=\"c_block fl_rx h300 c3\"></div>','f9aefd12-bcdc-11e5-a880-79053797b1e5','2016-01-17 13:41:37',2,'width:50%!important;');

/*Table structure for table `c_blocks` */

DROP TABLE IF EXISTS `c_blocks`;

CREATE TABLE `c_blocks` (
  `id` char(36) NOT NULL,
  `content` text,
  `c_layout_id` char(36) DEFAULT NULL,
  `create_time` datetime DEFAULT NULL,
  `default_order` int(5) DEFAULT NULL,
  `default_style` varchar(100) DEFAULT NULL,
  PRIMARY KEY (`id`)
) ENGINE=InnoDB DEFAULT CHARSET=utf8;

/*Data for the table `c_blocks` */

insert  into `c_blocks`(`id`,`content`,`c_layout_id`,`create_time`,`default_order`,`default_style`) values ('1561ad80-bcdf-11e5-a880-79053797b1e5','<div class=\"clear_rx blocks_move wrap1200\"></div>','15613850-bcdf-11e5-a880-79053797b1e5','2016-01-17 13:56:42',1,NULL),('1561ad83-bcdf-11e5-a880-79053797b1e5','<div class=\"clear_rx blocks_move wrap1200\"></div>','15613850-bcdf-11e5-a880-79053797b1e5','2016-01-17 13:56:42',2,NULL),('1561ad85-bcdf-11e5-a880-79053797b1e5','<div class=\"clear_rx blocks_move wrap1200\"></div>','15613850-bcdf-11e5-a880-79053797b1e5','2016-01-17 13:56:42',3,NULL),('493043a0-e512-11e5-826f-5784c14dfc17','<div class=\"clear_rx blocks_move\"></div>','49301c90-e512-11e5-826f-5784c14dfc17','2016-03-08 17:44:00',1,NULL),('81d1e901-bcdd-11e5-a880-79053797b1e5','<div class=\"clear_rx blocks_move wrap1200\"></div>','81d1e900-bcdd-11e5-a880-79053797b1e5','2016-01-17 13:45:25',1,NULL),('81d21013-bcdd-11e5-a880-79053797b1e5','<div class=\"clear_rx blocks_move wrap1200\"></div>','81d1e900-bcdd-11e5-a880-79053797b1e5','2016-01-17 13:45:25',2,NULL),('9b03d771-bcde-11e5-a880-79053797b1e5','<div class=\"clear_rx blocks_move wrap1200\"></div>','9b03d770-bcde-11e5-a880-79053797b1e5','2016-01-17 13:53:17',1,NULL),('9c031471-bcdd-11e5-a880-79053797b1e5','<div class=\"clear_rx blocks_move wrap1200\"></div>','9c031470-bcdd-11e5-a880-79053797b1e5','2016-01-17 13:46:09',1,NULL),('9c031475-bcdd-11e5-a880-79053797b1e5','<div class=\"clear_rx blocks_move wrap1200\"></div>','9c031470-bcdd-11e5-a880-79053797b1e5','2016-01-17 13:46:09',2,NULL),('9c033b83-bcdd-11e5-a880-79053797b1e5','<div class=\"clear_rx blocks_move wrap1200\"></div>','9c031470-bcdd-11e5-a880-79053797b1e5','2016-01-17 13:46:09',3,NULL),('da0cff20-bcdc-11e5-a880-79053797b1e5','<div class=\"clear_rx blocks_move wrap1200\"></div>','da0cb100-bcdc-11e5-a880-79053797b1e5','2016-01-17 13:40:44',1,NULL),('e577bc90-e434-11e5-aba1-4f1931d60ccd','<div class=\"clear_rx blocks_move\"></div>','e5779580-e434-11e5-aba1-4f1931d60ccd','2016-03-07 15:19:14',1,NULL),('e577e3a0-e434-11e5-aba1-4f1931d60ccd','<div class=\"clear_rx blocks_move\"></div>','e5779580-e434-11e5-aba1-4f1931d60ccd','2016-03-07 15:19:14',2,NULL),('f471f310-df7e-11e5-9e46-796d7959876a',NULL,'f471cc00-df7e-11e5-9e46-796d7959876a','2016-03-01 15:26:46',1,NULL),('f471f311-df7e-11e5-9e46-796d7959876a','<div class=\"clear_rx blocks_move wrap1200\"></div>','f471cc00-df7e-11e5-9e46-796d7959876a','2016-03-01 15:26:46',2,NULL),('f9aefd10-bcdc-11e5-a880-79053797b1e5','<div class=\"clear_rx blocks_move wrap1200\"></div>','f9aed600-bcdc-11e5-a880-79053797b1e5','2016-01-17 13:41:37',1,NULL),('f9aefd12-bcdc-11e5-a880-79053797b1e5','<div class=\"clear_rx blocks_move wrap1200\"></div>','f9aed600-bcdc-11e5-a880-79053797b1e5','2016-01-17 13:41:37',2,NULL);

/*Table structure for table `c_btns` */

DROP TABLE IF EXISTS `c_btns`;

CREATE TABLE `c_btns` (
  `id` char(36) NOT NULL,
  `name` varchar(100) DEFAULT NULL,
  `right_prop_name` varchar(50) DEFAULT NULL COMMENT '用户生成权限json时',
  PRIMARY KEY (`id`)
) ENGINE=InnoDB DEFAULT CHARSET=utf8;

/*Data for the table `c_btns` */

insert  into `c_btns`(`id`,`name`,`right_prop_name`) values ('02168d40-f4c4-11e5-beb4-68f728f3bf19','编辑布局','edit_layout_btn'),('02168d4c-f4c4-11e5-beb4-68f728f3bf19','增加楼层','create_floor_btn'),('02168d50-f4c4-11e5-beb4-68f728f3bf19','块组之间上下移动','blockGroups_move_btn'),('11dc7684-effc-11e5-9c4b-68f728f3bf19','编辑模板','edit_model_btn'),('11dc7684-effc-11e5-9c4b-68f728f3bf20','预览','prev_view_btn'),('11dc7684-effc-11e5-9c4b-68f728f3bf21','生成静态页面','make_html_btn'),('327286fd-f4c4-11e5-beb4-68f728f3bf19','块组内部左右移动','blockGroup_move_btn'),('32728715-f4c4-11e5-beb4-68f728f3bf19','块内楼层上下移动','floor_move_btn');

/*Table structure for table `c_data` */

DROP TABLE IF EXISTS `c_data`;

CREATE TABLE `c_data` (
  `id` char(36) NOT NULL,
  `c_model_id` char(36) DEFAULT NULL,
  `c_floor_id` char(36) DEFAULT NULL,
  `c_floor_model_id` char(72) DEFAULT NULL,
  `data` text,
  `connect_time` datetime DEFAULT NULL COMMENT '建立关联关系的时间，取时间最新的值',
  PRIMARY KEY (`id`)
) ENGINE=InnoDB DEFAULT CHARSET=utf8;

/*Data for the table `c_data` */

/*Table structure for table `c_floor` */

DROP TABLE IF EXISTS `c_floor`;

CREATE TABLE `c_floor` (
  `id` char(36) NOT NULL,
  `content` text,
  `c_block_id` char(36) DEFAULT NULL,
  `create_time` datetime DEFAULT NULL,
  PRIMARY KEY (`id`)
) ENGINE=InnoDB DEFAULT CHARSET=utf8;

/*Data for the table `c_floor` */

/*Table structure for table `c_generate_html_config` */

DROP TABLE IF EXISTS `c_generate_html_config`;

CREATE TABLE `c_generate_html_config` (
  `id` char(36) NOT NULL,
  `c_page_id` char(36) DEFAULT NULL,
  `c_layout_id` char(36) DEFAULT NULL,
  `edit_page_url` varchar(100) DEFAULT NULL COMMENT '编辑地址',
  `page_url` varchar(100) DEFAULT NULL COMMENT '正式地址',
  `prev_view_url` varchar(100) DEFAULT NULL COMMENT '预览地址',
  `create_time` datetime DEFAULT NULL,
  `last_edit_time` datetime DEFAULT NULL,
  PRIMARY KEY (`id`)
) ENGINE=InnoDB DEFAULT CHARSET=utf8;

/*Data for the table `c_generate_html_config` */

insert  into `c_generate_html_config`(`id`,`c_page_id`,`c_layout_id`,`edit_page_url`,`page_url`,`prev_view_url`,`create_time`,`last_edit_time`) values ('63ac7ef5-0b83-11e6-ad68-68f728f3bf19','63e3beb0-0b83-11e6-96ed-9dd17edb085e','f471cc00-df7e-11e5-9e46-796d7959876a','/test/test_1.html','/test/test_1.html','/test/test_1.html','2016-04-26 15:49:22','2016-04-26 15:49:22');

/*Table structure for table `c_layout` */

DROP TABLE IF EXISTS `c_layout`;

CREATE TABLE `c_layout` (
  `id` char(36) NOT NULL,
  `name` varchar(80) DEFAULT NULL,
  `content` text,
  `img_data` varchar(5800) DEFAULT NULL,
  `create_time` datetime DEFAULT NULL,
  `edit_model` text COMMENT '布局的编辑模型',
  `last_edit_time` datetime DEFAULT NULL,
  `valid` int(1) DEFAULT '1' COMMENT '1:合法，2:禁用',
  `type` int(1) DEFAULT '2' COMMENT '1:系统布局，2:用户定义',
  PRIMARY KEY (`id`)
) ENGINE=InnoDB DEFAULT CHARSET=utf8;

/*Data for the table `c_layout` */

insert  into `c_layout`(`id`,`name`,`content`,`img_data`,`create_time`,`edit_model`,`last_edit_time`,`valid`,`type`) values ('15613850-bcdf-11e5-a880-79053797b1e5','五宫格布局','<div class=\"cntr\"></div>','data:image/png;base64,iVBORw0KGgoAAAANSUhEUgAAAMgAAAB4CAYAAAC3kr3rAAAEE0lEQVR4Xu3dobWWZxQFYVCUkA7SQlwawQURR3xkSsAjEdSApAQUJcTHk3VrmE/sdXiu32fdd+Yf/b1+9fDfb9/+/vHwyZ/q3J9vfvmp3vv0Y//49a/XT9589NjLPyaQpkcgjZ9AGr/5tUCaIoE0fvNrgTRFAmn85tcCaYoE0vjNrwXSFAmk8ZtfC6QpEkjjN78WSFMkkMZvfi2Qpkggjd/8WiBNkUAav/m1QJoigTR+82uBNEUCafzm1wJpigTS+M2vBdIUCaTxm18LpCkSSOM3vxZIUySQxm9+LZCmSCCN3/xaIE2RQBq/+bVAmiKBNH7za4E0RQJp/ObXAmmKBNL4za8F0hQJpPGbXwukKRJI4ze/FkhTJJDGb34tkKZIII3f/FogTZFAGr/5tUCaIoE0fvNrgTRFAmn85tcCaYoE0vjNrwXSFAmk8ZtfC6QpEkjjN78WSFMkkMZvfi2Qpkggjd/8WiBNkUAav/m1QJoigTR+82uBNEUCafzm1wJpigTS+M2vBdIUCaTxm18LpCkSSOM3vxZIUzQfyKePH3wnvTm2DgTevnv/6KfNHz328i6BBLummYBAMkIHLhMQyGW73pYJCCQjdOAyAYFctuttmYBAMkIHLhMQyGW73pYJCCQjdOAyAYFctuttmYBAMkIHLhMQyGW73pYJCCQjdOAyAYFctuttmYBAMkIHLhMQyGW73pYJCCQjdOAyAYFctuttmYBAMkIHLhMQyGW73pYJCCQjdOAyAYFctuttmYBAMkIHLhMQyGW73pYJCCQjdOAyAYFctuttmYBAMkIHLhMQyGW73pYJCCQjdOAyAYFctuttmYBAMkIHLhMQyGW73pYJCCQjdOAyAYFctuttmYBAMkIHLhMQyGW73pYJCCQjdOAyAYFctuttmYBAMkIHLhMQyGW73pYJzAfy5d93vpMeNH/9/jmsTf/5/b9HP23+6LEXPQJpP1KBNH4Cafzm1wJpigTS+M2vBdIUCaTxm18LpCkSSOM3vxZIUySQxm9+LZCmSCCN3/xaIE2RQBq/+bVAmiKBNH7za4E0RQJp/ObXAmmKBNL4za8F0hQJpPGbXwukKRJI4ze/FkhTJJDGb34tkKZIII3f/FogTZFAGr/5tUCaIoE0fvNrgTRFAmn85tcCaYoE0vjNrwXSFAmk8ZtfC6QpEkjjN78WSFMkkMZvfi2Qpkggjd/8WiBNkUAav/m1QJoigTR+82uBNEUCafzm1wJpigTS+M2vBdIUCaTxm18LpCkSSOM3vxZIUySQxm9+LZCmSCCN3/xaIE2RQBq/+bVAmiKBNH7za4E0RQJp/ObXAmmKBNL4za8F0hQJpPGbXwukKRJI4ze/FkhTJJDGb34tkKZIII3f/FogTdHTgfwPbuFYl2Obwk8AAAAASUVORK5CYII=','2016-01-17 13:56:42','\n                <div class=\"cntr\">\n                    \n                <div class=\"clear_rx blocks_move wrap1200\"><div class=\"need_remove del_btn\">删除</div><div class=\"c_block fl_rx h300 need_move_width200 c2\"><div class=\"need_remove del_btn\">删除</div></div><div class=\"c_block fl_rx h300 need_move_width200 c3\"><div class=\"need_remove del_btn\">删除</div></div></div><div class=\"clear_rx blocks_move wrap1200\"><div class=\"need_remove del_btn\">删除</div><div class=\"c_block h300 c6\"><div class=\"need_remove del_btn\">删除</div></div></div><div class=\"clear_rx blocks_move wrap1200\"><div class=\"need_remove del_btn\">删除</div><div class=\"c_block fl_rx h300 need_move_width200 c4\"><div class=\"need_remove del_btn\">删除</div></div><div class=\"c_block fl_rx h300 need_move_width200 c5\"><div class=\"need_remove del_btn\">删除</div></div></div></div>\n                <div class=\"hint_info\">请拖动【A,B,C,D】至这里进行编辑(变绿时释放鼠标)</div>\n        	','2016-01-17 13:56:42',1,1),('49301c90-e512-11e5-826f-5784c14dfc17','浮三','<div class=\"cntr\"></div>','data:image/png;base64,iVBORw0KGgoAAAANSUhEUgAAAMgAAAAoCAYAAAC7HLUcAAABl0lEQVR4Xu3aMUoDURSF4TcbsDeWAa2yhiwihegmBNtUKbSzcBluQwSZBYiCu3ADI2FCCGGY8/r3Wae6vP/c+5+x267vXkpX7kvjf8vN7q0Mw23jYyjvN58X34vfv9bn0K+eLvcz6A6APLY+kOVm91qG4aH1OXxc9+Xr6qf1MZR+9dwB5OQZAGQcBkDGOQDkLCMBApDTJwEQgEyeUTaIDTL5MGwQG8QGmVFPgAAEIACJ7ZQTy4nlxJrBBCAAAQhA4ibVYmmxtFgzmAAEIAABSNykxx9osbRYWiwtVkwMkk7SSTpJj0HBQTgIB+EgMSg4yNmInFhOLCeWEysmpxPLieXEcmLFoHBiObEmH4kNYoPYIDaIDVI/AR8KfSj0oTDyosXSYmmxtFgxKDgIB+EgHCQGhRZLi6XFqsHEf/OSdJJO0mNWkHSSTtJJegwKkk7SSTpJj0FB0kk6Sa/BhKSTdJJO0mNWkHSSTtJJegwKkk7SSTpJj0FB0kk6Sa/BhKSTdJJO0mNWkHSSTtJJegwKkk7SSXqFpP8Ds0S5OLnJwtAAAAAASUVORK5CYII=','2016-03-08 17:44:00','\n                <div class=\"cntr\">\n                    \n                <div class=\"clear_rx blocks_move\"><div class=\"need_remove del_btn\">删除</div><div class=\"c_block fl_rx h300 need_move_width200 c18\"><div class=\"need_remove del_btn\">删除</div></div><div class=\"c_block fl_rx h300 need_move_width200 c1\"><div class=\"need_remove del_btn\">删除</div></div><div class=\"c_block fl_rx h300 need_move_width200 c2\"><div class=\"need_remove del_btn\">删除</div></div></div></div>\n                <div class=\"hint_info\">请拖动【A,B,C,D】至这里进行编辑(变绿时释放鼠标)</div>\n        	','2016-03-08 17:44:00',1,2),('81d1e900-bcdd-11e5-a880-79053797b1e5','六宫格布局','<div class=\"cntr\"></div>','data:image/png;base64,iVBORw0KGgoAAAANSUhEUgAAAMgAAABQCAYAAABcbTqwAAADtUlEQVR4Xu2dsW0QURQEuYiM1BFdIFEBtSBKgBTRgwMiAmogpAAnCAJqIKUAcAEOVqvdv7I1jvftO488/qef3PUs/PP654d/4cp53dvnN/NniD7Add29fPHjVbRzWnbdvrn5/K7xCFe6FEHSRAt9CCJDRRABFSeIAGka4QSZ4keQKX5hOYIIkHoRBOmxzTQjSIaj2YIgJrhjYwhyDPVDixBkil9YjiACpF4EQXpsM80IkuFotiCICe7YGIIcQ80r1hS1uRxBTHCZMU6QDMdeC4L02ArNCCJAmkYQZIofQab4heUIIkDqRRCkxzbTjCAZjmYLgpjgjo0hyDHU3GJNUZvLEcQElxnjBMlw7LUgSI+t0IwgAqRpBEGm+BFkil9YjiACpF4EQXpsM80IkuFotiCICe7YGIIcQ80t1hS1uRxBTHCZMU6QDMdeC4L02ArNCCJAmkYQZIofQab4heUIIkDqRRCkxzbTjCAZjmYLgpjgjo0hyDHU3GJNUZvLEcQElxnjBMlw7LUgSI+t0IwgAqRpBEGm+BFkil9YjiACpF4EQXpsM80IkuFotiCICe7YGIIcQ80t1hS1uRxBTHCZMU6QDMdeC4L02ArNCCJAmkYQZIofQab4heUIIkDqRRCkxzbTjCAZjmYLgpjgjo0hyDHU3GJNUZvLH5Egv99/fHLfSf/z9wl9Uvz+T/D+08Z33359eUK/1HX76fvXx/GddAQx/wkeHEMQHXb8O+kIosNfJRFEJ48gAitesQRI0wivWFP8CDLFLyxHEAFSL4IgPbaZZgTJcDRbEMQEd2wMQY6hfmgRgkzxC8sRRIDUiyBIj22mGUEyHM0WBDHBHRtDkGOoecWaojaXI4gJLjPGCZLh2GtBkB5boRlBBEjTCIJM8SPIFL+wHEEESL0IgvTYZpoRJMPRbEEQE9yxMQQ5hppbrClqczmCmOAyY5wgGY69FgTpsRWaEUSANI0gyBQ/gkzxC8sRRIDUiyBIj22mGUEyHM0WBDHBHRtDkGOoucWaojaXI4gJLjPGCZLh2GtBkB5boRlBBEjTCIJM8SPIFL+wHEEESL0IgvTYZpoRJMPRbEEQE9yxMQQ5hppbrClqczmCmOAyY5wgGY69FgTpsRWaEUSANI0gyBQ/gkzxC8sRRIDUiyBIj22mGUEyHM0WBDHBHRtDkGOoucWaojaXI4gJLjPGCZLh2GtBkB5boRlBBEjTCIJM8SPIFL+wHEEESL0IgvTYZpoRJMPRbEEQE9yxsZ4g/wHqm9Bv8dhBjwAAAABJRU5ErkJggg==','2016-01-17 13:45:25','\n                <div class=\"cntr\">\n                    \n                <div class=\"clear_rx blocks_move wrap1200\" style=\"\n    /* display: none; */\n\"><div class=\"need_remove del_btn\">删除</div><div class=\"c_block fl_rx h300 need_move_width200 c2\"><div class=\"need_remove del_btn\">删除</div></div><div class=\"c_block fl_rx h300 need_move_width200 c3\"><div class=\"need_remove del_btn\">删除</div></div><div class=\"c_block fl_rx h300 need_move_width200 c4\"><div class=\"need_remove del_btn\">删除</div></div></div><div class=\"clear_rx blocks_move wrap1200\" style=\"\n    /* display: none; */\n\"><div class=\"need_remove del_btn\">删除</div><div class=\"c_block fl_rx h300 need_move_width200 c15\"><div class=\"need_remove del_btn\">删除</div></div><div class=\"c_block fl_rx h300 need_move_width200 c17\"><div class=\"need_remove del_btn\">删除</div></div><div class=\"c_block fl_rx h300 need_move_width200 c18\"><div class=\"need_remove del_btn\">删除</div></div></div></div>\n                <div class=\"hint_info\">请拖动【A,B,C,D】至这里进行编辑(变绿时释放鼠标)</div>\n        	','2016-01-17 13:45:25',1,1),('9b03d770-bcde-11e5-a880-79053797b1e5','中分布局','<div class=\"cntr\"></div>','data:image/png;base64,iVBORw0KGgoAAAANSUhEUgAAAMgAAAAoCAYAAAC7HLUcAAABh0lEQVR4Xu3TwW0CQRREQUiAMJyXScBnzs6NGMjGyDG8ObRE7b2/drpV18vh7/X4/Tt88qPOPb9vH/Xe04+9f/1cT948euz/xwBp8wDS+gOk9TefBqRNBEjrbz4NSJsIkNbffBqQNhEgrb/5NCBtIkBaf/NpQNpEgLT+5tOAtIkAaf3NpwFpEwHS+ptPA9ImAqT1N58GpE0ESOtvPg1ImwiQ1t98GpA2ESCtv/k0IG0iQFp/82lA2kSAtP7m04C0iQBp/c2nAWkTAdL6m08D0iYCpPU3nwakTQRI628+DUibCJDW33wakDYRIK2/+TQgbSJAWn/zaUDaRIC0/ubTgLSJAGn9zacBaRMB0vqbTwPSJgKk9TefBqRNBEjrbz4NSJsIkNbffBqQNhEgrb/5NCBtIkBaf/NpQNpEgLT+5tOAtIkAaf3NpwFpEwHS+ptPA9ImAqT1N58GpE0ESOtvPg1ImwiQ1t98GpA2ESCtv/k0IG0iQFp/82lA2kSAtP7m04C0iU4DeQN4UMgp3PH7cgAAAABJRU5ErkJggg==','2016-01-17 13:53:17','\n                <div class=\"cntr\">\n                    \n                <div class=\"clear_rx blocks_move wrap1200\"><div class=\"need_remove del_btn\">删除</div><div class=\"c_block fl_rx h300 need_move_width200 c15\"><div class=\"need_remove del_btn\">删除</div></div><div class=\"c_block fl_rx h300 need_move_width200 c3\"><div class=\"need_remove del_btn\">删除</div></div></div></div>\n                <div class=\"hint_info\">请拖动【A,B,C,D】至这里进行编辑(变绿时释放鼠标)</div>\n        	','2016-01-17 13:53:17',1,1),('9c031470-bcdd-11e5-a880-79053797b1e5','九宫格布局','<div class=\"cntr\"></div>','data:image/png;base64,iVBORw0KGgoAAAANSUhEUgAAAMgAAAB4CAYAAAC3kr3rAAAFNElEQVR4Xu2dLW5WARBFeQoHsgrLCkhYAQtBEQSWBCxhAbgKgkAQloBkATX8CILFYVkAFN+Em+HO3OmXg56fcm5P5+WZd9ww/7v/5flv88j4uEc3z+I/g/UHOI6LO7c+3bPOjA47zh+cvX7c8SMc7qEI4ibaMA9BZKgIIqDiggiQoiVckCh+BIniF5YjiACprwRB+th6JiOIh2NxCoIUwY21IcgY6qsWIUgUv7AcQQRIfSUI0sfWMxlBPByLUxCkCG6sDUHGUPOIFUVdXI4gRXCeNi6Ih2PfFATpYytMRhABUrQEQaL4ESSKX1iOIAKkvhIE6WPrmYwgHo7FKQhSBDfWhiBjqHmLFUVdXI4gRXCeNi6Ih2PfFATpYytMRhABUrQEQaL4ESSKX1iOIAKkvhIE6WPrmYwgHo7FKQhSBDfWhiBjqHmLFUVdXI4gRXCeNi6Ih2PfFATpYytMRhABUrQEQaL4ESSKX1iOIAKkvhIE6WPrmYwgHo7FKQhSBDfWhiBjqHmLFUVdXI4gRXCeNi6Ih2PfFATpYytMRhABUrQEQaL4ESSKX1iOIAKkvhIE6WPrmYwgHo7FKQhSBDfWhiBjqHmLFUVdXI4gRXCeNi6Ih2PfFATpYytMRhABUrQEQaL4ESSKX1iOIAKkvhIE6WPrmYwgHo7FKQhSBDfWhiBjqHmLFUVdXH6NBPn27MXJfSf9568T+qT45a/g5aeNLz58fXtC/6nj/OXHd9fjO+kIUvwjONiGIDps+3fSEUSHn6pEEJ08ggiseMQSIEVLeMSK4keQKH5hOYIIkPpKEKSPrWcygng4FqcgSBHcWBuCjKG+ahGCRPELyxFEgNRXgiB9bD2TEcTDsTgFQYrgxtoQZAw1j1hR1MXlCFIE52njgng49k1BkD62wmQEESBFSxAkih9BoviF5QgiQOorQZA+tp7JCOLhWJyCIEVwY20IMoaat1hR1MXlCFIE52njgng49k1BkD62wmQEESBFSxAkih9BoviF5QgiQOorQZA+tp7JCOLhWJyCIEVwY20IMoaat1hR1MXlCFIE52njgng49k1BkD62wmQEESBFSxAkih9BoviF5QgiQOorQZA+tp7JCOLhWJyCIEVwY20IMoaat1hR1MXlCFIE52njgng49k1BkD62wmQEESBFSxAkih9BoviF5QgiQOorQZA+tp7JCOLhWJyCIEVwY20IMoaat1hR1MXlCFIE52njgng49k1BkD62wmQEESBFSxAkih9BoviF5QgiQOorQZA+tp7JCOLhWJyCIEVwY23XSJA331+d3HfS79z+PBb1yKLjxsWP909P5jvpx3GcP3xy93p8Jx1BRn7F/28Jgsj87J+BRhCZfa4QQWT2CCKg4hFLgBQs4RErCP/vagQJB/CP9QgSzgdBwgEgyO4AEGR3PlyQcD4IEg6AC7I7AATZnQ8XJJwPgoQD4ILsDgBBdufDBQnngyDhALgguwNAkN35cEHC+SBIOAAuyO4AEGR3PlyQcD4IEg6AC7I7AATZnQ8XJJwPgoQD4ILsDgBBdufDBQnngyDhALgguwNAkN35cEHC+SBIOAAuyO4AEGR3PlyQcD4IEg6AC7I7AATZnQ8XJJwPgoQD4ILsDgBBdufDBQnngyDhALgguwNAkN35cEHC+SBIOAAuyO4AEGR3PlyQcD4IEg6AC7I7AATZnQ8XJJwPgoQD4ILsDgBBdufDBQnngyDhALgguwNAkN35cEHC+SBIOAAuyO4AEGR3PlyQcD4IEg4geEH+AEB1OLW7RWl5AAAAAElFTkSuQmCC','2016-01-17 13:46:09','\n                <div class=\"cntr\">\n                    \n                <div class=\"clear_rx blocks_move wrap1200\" style=\"\n    /* display: none; */\n\"><div class=\"need_remove del_btn\">删除</div><div class=\"c_block fl_rx h300 need_move_width200 c2\"><div class=\"need_remove del_btn\">删除</div></div><div class=\"c_block fl_rx h300 need_move_width200 c3\"><div class=\"need_remove del_btn\">删除</div></div><div class=\"c_block fl_rx h300 need_move_width200 c4\"><div class=\"need_remove del_btn\">删除</div></div></div><div class=\"clear_rx blocks_move wrap1200\" style=\"\n    /* display: none; */\n\"><div class=\"need_remove del_btn\">删除</div><div class=\"c_block fl_rx h300 need_move_width200 c15\"><div class=\"need_remove del_btn\">删除</div></div><div class=\"c_block fl_rx h300 need_move_width200 c17\"><div class=\"need_remove del_btn\">删除</div></div><div class=\"c_block fl_rx h300 need_move_width200 c18\"><div class=\"need_remove del_btn\">删除</div></div></div><div class=\"clear_rx blocks_move wrap1200\"><div class=\"need_remove del_btn\">删除</div><div class=\"c_block fl_rx h300 need_move_width200 c3\"><div class=\"need_remove del_btn\">删除</div></div><div class=\"c_block fl_rx h300 need_move_width200 c4\"><div class=\"need_remove del_btn\">删除</div></div><div class=\"c_block fl_rx h300 need_move_width200 c1\"><div class=\"need_remove del_btn\">删除</div></div></div></div>\n                <div class=\"hint_info\">请拖动【A,B,C,D】至这里进行编辑(变绿时释放鼠标)</div>\n        	','2016-01-17 13:46:09',1,1),('da0cb100-bcdc-11e5-a880-79053797b1e5','一字布局','<div class=\"cntr\"></div>','data:image/png;base64,iVBORw0KGgoAAAANSUhEUgAAAMgAAAAoCAYAAAC7HLUcAAABRklEQVR4Xu3TsQ0CQRQDUa4z2qAWYmqhDToD0cEFN4n1Nv7yymPNcbv4Pe+P78WR4hA4TeD1eR+nj08cXhr2/48gJ6g7yQgQJEMreIEAQRZW1CEjQJAMreAFAgRZWFGHjABBMrSCFwgQZGFFHTICBMnQCl4gQJCFFXXICBAkQyt4gQBBFlbUISNAkAyt4AUCBFlYUYeMAEEytIIXCBBkYUUdMgIEydAKXiBAkIUVdcgIECRDK3iBAEEWVtQhI0CQDK3gBQIEWVhRh4wAQTK0ghcIEGRhRR0yAgTJ0ApeIECQhRV1yAgQJEMreIEAQRZW1CEjQJAMreAFAgRZWFGHjABBMrSCFwgQZGFFHTICBMnQCl4gQJCFFXXICBAkQyt4gQBBFlbUISNAkAyt4AUCBFlYUYeMAEEytIIXCBBkYUUdMgJXC/IDep2gKVX5g6YAAAAASUVORK5CYII=','2016-01-17 13:40:44','\n                <div class=\"cntr\">\n                    \n                <div class=\"clear_rx blocks_move wrap1200\"><div class=\"need_remove del_btn\">删除</div><div class=\"c_block h300 c18\"><div class=\"need_remove del_btn\">删除</div></div></div></div>\n                <div class=\"hint_info\">请拖动【A,B,C,D】至这里进行编辑(变绿时释放鼠标)</div>\n        	','2016-01-17 13:40:44',1,1),('e5779580-e434-11e5-aba1-4f1931d60ccd','上一下四','<div class=\"cntr\"></div>','data:image/png;base64,iVBORw0KGgoAAAANSUhEUgAAAMgAAABQCAYAAABcbTqwAAADQ0lEQVR4Xu2dwU0rQRBEZyUkuPnIBcfhK2kQATngiJwGIeCLA1iJJFYyAo4IdqZQt9qu9690zfx+tU/e2077x6f3xj8IQOAHgam1Zdo/Pp1hAwEI/CQwtTYjCE8GBH4hgCA8GhD4gwCC8HhAAEF4BiCgEeAXRONGyoQAgpgUzZoaAQTRuJEyIYAgJkWzpkYAQTRupEwIIIhJ0aypEUAQjRspEwIIYlI0a2oEEETjRsqEAIKYFM2aGgEE0biRMiGAICZFs6ZGAEE0bqRMCCCISdGsqRFAEI0bKRMCCGJSNGtqBBBE40bKhACCmBTNmhoBBNG4kTIhgCAmRbOmRgBBNG6kTAggiEnRrKkRQBCNGykTAghiUjRragQQRONGyoQAgpgUzZoaAQTRuJEyIYAgJkWzpkYAQTRupEwIIIhJ0aypEUAQjRspEwIIYlI0a2oEEETjRsqEAIKYFM2aGoEvQXbH/RV8J/28PN/d32gYCqXObdlu3i5+j2lqy+vpcPF7tM/vpO+OL9fwnfT5+fb+odCjrv5X5u3m7eL3mKY2v54OF79H+/4FQRD1aQ7IIUgA1H8ciSD/gBcRRZAIqvqZCKKzC0kiSAhW+VAEkdHFBBEkhqt6KoKo5IJyCBIEVjwWQURwUTEEiSKrnYsgGrewFIKEoZUORhAJW1wIQeLYKicjiEItMIMggXCFoxFEgBYZQZBIuuNnI8g4s9AEgoTiHT4cQYaRxQYQJJbv6OkIMkoseB5BggEPHo8gg8CixxEkmvDY+Qgyxit8GkHCEQ9dgCBDuOKHESSe8cgNCDJCK2EWQRIgD1yBIAOwMkYRJINy/x0I0s8qZRJBUjB3X4Ig3ahyBhEkh3PvLQjSSyppDkGSQHdegyCdoLLGECSLdN89CNLHKW0KQdJQd12EIF2Y8oYQJI91z00I0kMpcQZBEmF3XIUgHZAyRxAkk/b6XQiyzih1AkFSca9ehiCriHIHECSX99ptCLJGKPnvCJIMfOU6BKnVR0OQWoUgSK0+EKRaH3z+oFYj/IIU6wNBihXCB3RKFcIrVqk6Gq9Y1frgF6RWI7xiFesDQYoVwitWqUJ4xSpVB69YxergI57lCuEXpFQl8wcrqxCHLD8grgAAAABJRU5ErkJggg==','2016-03-07 15:19:14','\n                <div class=\"cntr\">\n                    \n                <div class=\"clear_rx blocks_move\"><div class=\"need_remove del_btn\">删除</div><div class=\"c_block h300 c18\"><div class=\"need_remove del_btn\">删除</div></div></div><div class=\"clear_rx blocks_move\"><div class=\"need_remove del_btn\">删除</div><div class=\"c_block fl_rx h300 need_move_width200 c2\"><div class=\"need_remove del_btn\">删除</div></div><div class=\"c_block fl_rx h300 need_move_width200 c3\"><div class=\"need_remove del_btn\">删除</div></div><div class=\"c_block fl_rx h300 need_move_width200 c4\"><div class=\"need_remove del_btn\">删除</div></div><div class=\"c_block fl_rx h300 need_move_width200 c5\"><div class=\"need_remove del_btn\">删除</div></div></div></div>\n                <div class=\"hint_info\">请拖动【A,B,C,D】至这里进行编辑(变绿时释放鼠标)</div>\n        	','2016-03-09 15:16:22',2,2),('f471cc00-df7e-11e5-9e46-796d7959876a','一大一小','<div class=\"cntr\"></div>','data:image/png;base64,iVBORw0KGgoAAAANSUhEUgAAAMgAAABQCAYAAABcbTqwAAACZklEQVR4Xu3dsY2UYRRDUaYa+iJeUQwF0AY5XWw1IHJAK+t34ncmnmfJ19/VhPP6+fbj1ycfBBD4K4EXQbwMBP5NgCBeBwL/IUAQzwMBgngDCGQE/IJk3FwdIUCQI0OrmREgSMbN1RECBDkytJoZAYJk3FwdIUCQI0OrmREgSMbN1RECBDkytJoZAYJk3FwdIUCQI0OrmREgSMbN1RECBDkytJoZAYJk3FwdIUCQI0OrmREgSMbN1RECBDkytJoZAYJk3FwdIUCQI0OrmREgSMbN1RECBDkytJoZAYJk3FwdIUCQI0OrmREgSMbN1RECBDkytJoZAYJk3FwdIUCQI0OrmREgSMbN1RECBDkytJoZAYJk3FwdIUCQI0OrmREgSMbN1RECBDkytJoZAYJk3FwdIUCQI0OrmREgSMbN1RECr6d7fv/27n/Xn4Yq78MEvnz9/OibfjTsTwuCfHhLXywQIEgBqsgdAgTZ2VKTAgGCFKCK3CFAkJ0tNSkQIEgBqsgdAgTZ2VKTAgGCFKCK3CFAkJ0tNSkQIEgBqsgdAgTZ2VKTAgGCFKCK3CFAkJ0tNSkQIEgBqsgdAgTZ2VKTAgGCFKCK3CFAkJ0tNSkQIEgBqsgdAgTZ2VKTAgGCFKCK3CFAkJ0tNSkQIEgBqsgdAgTZ2VKTAgGCFKCK3CFAkJ0tNSkQIEgBqsgdAgTZ2VKTAgGCFKCK3CFAkJ0tNSkQIEgBqsgdAgTZ2VKTAgGCFKCK3CFAkJ0tNSkQIEgBqsgdAgTZ2VKTAgGCFKCK3CFAkJ0tNSkQIEgBqsgdAgTZ2VKTAoGnBfkNweAUAI2hGigAAAAASUVORK5CYII=','2016-03-01 15:26:46','\n                <div class=\"cntr\">\n                    \n                <div class=\"c_block blocks_move h300 c17\"><div class=\"need_remove del_btn\">删除</div></div><div class=\"clear_rx blocks_move wrap1200\"><div class=\"need_remove del_btn\">删除</div><div class=\"c_block h300 c1\"><div class=\"need_remove del_btn\">删除</div></div></div></div>\n                <div class=\"hint_info\">请拖动【A,B,C,D】至这里进行编辑(变绿时释放鼠标)</div>\n        	','2016-03-08 17:23:42',1,2),('f9aed600-bcdc-11e5-a880-79053797b1e5','品字布局','<div class=\"cntr\"></div>','data:image/png;base64,iVBORw0KGgoAAAANSUhEUgAAAMgAAABQCAYAAABcbTqwAAACyElEQVR4Xu3dsW0UYBAFYRxRAh3QAiltkJIQktsxtdAGPVAQyB2cNLfSavU5vrfWP3MT38uHJ/+9ff3278knnUPgYQK//vx+efjDD3zwqcfe/59AHqDuI2MEBDKG1uELBARywaI3jBEQyBhahy8QEMgFi94wRkAgY2gdvkBAIBcsesMYAYGMoXX4AgGBXLDoDWMEBDKG1uELBARywaI3jBEQyBhahy8QEMgFi94wRkAgY2gdvkBAIBcsesMYAYGMoXX4AgGBXLDoDWMEBDKG1uELBARywaI3jBEQyBhahy8QEMgFi94wRkAgY2gdvkBAIBcsesMYAYGMoXX4AgGBXLDoDWMEBDKG1uELBARywaI3jBEQyBhahy8QEMgFi94wRkAgY2gdvkBAIBcsesMYAYGMoXX4AgGBXLDoDWMEBDKG1uELBARywaI3jBEQyBhahy8QEMgFi94wRkAgY2gdvkBAIBcsesMYgfWBfPn76nfSg/4fHz+Ften3zz+f+tPmTz32rkcg7UsqkMZPII3f+rVAmiKBNH7r1wJpigTS+K1fC6QpEkjjt34tkKZIII3f+rVAmiKBNH7r1wJpigTS+K1fC6QpEkjjt34tkKZIII3f+rVAmiKBNH7r1wJpigTS+K1fC6QpEkjjt34tkKZIII3f+rVAmiKBNH7r1wJpigTS+K1fC6QpEkjjt34tkKZIII3f+rVAmiKBNH7r1wJpigTS+K1fC6QpEkjjt34tkKZIII3f+rVAmiKBNH7r1wJpigTS+K1fC6QpEkjjt34tkKZIII3f+rVAmiKBNH7r1wJpigTS+K1fC6QpEkjjt34tkKZIII3f+rVAmiKBNH7r1wJpigTS+K1fC6QpEkjjt34tkKZIII3f+rVAmiKBNH7r1wJpigTS+K1fC6QpEkjjt34tkKZIII3f+rVAmiKBNH7r1wJpip4dyH/YU0BgaeEmyQAAAABJRU5ErkJggg==','2016-01-17 13:41:37','\n                <div class=\"cntr\">\n                    \n                <div class=\"clear_rx blocks_move wrap1200\"><div class=\"need_remove del_btn\">删除</div><div class=\"c_block h300 c18\"><div class=\"need_remove del_btn\">删除</div></div></div><div class=\"clear_rx blocks_move wrap1200\"><div class=\"need_remove del_btn\">删除</div><div class=\"c_block fl_rx h300 need_move_width200 c2\"><div class=\"need_remove del_btn\">删除</div></div><div class=\"c_block fl_rx h300 need_move_width200 c3\"><div class=\"need_remove del_btn\">删除</div></div></div></div>\n                <div class=\"hint_info\">请拖动【A,B,C,D】至这里进行编辑(变绿时释放鼠标)</div>\n        	','2016-01-17 13:41:37',1,1);

/*Table structure for table `c_model` */

DROP TABLE IF EXISTS `c_model`;

CREATE TABLE `c_model` (
  `id` char(36) NOT NULL,
  `name` varchar(100) DEFAULT NULL,
  `content` text,
  `content_name` varchar(100) DEFAULT NULL,
  `data_model` text,
  `img_url` varchar(100) DEFAULT NULL,
  `render_type` int(1) DEFAULT NULL COMMENT '渲染类型，1.普通html模板，2.juicer模板',
  `create_time` datetime DEFAULT NULL,
  `last_edit_time` datetime DEFAULT NULL,
  `term_type` int(1) DEFAULT NULL COMMENT '终端类型，1.PC，2.WAP',
  `model_height` int(5) DEFAULT NULL COMMENT '模板高度,0代表不限高度',
  `model_width` int(5) DEFAULT NULL COMMENT '模板宽度',
  `model_type` int(1) DEFAULT NULL COMMENT '模板类型，1.综合,2.轮播,3.n宫格，4.其他',
  PRIMARY KEY (`id`)
) ENGINE=InnoDB DEFAULT CHARSET=utf8;

/*Data for the table `c_model` */

insert  into `c_model`(`id`,`name`,`content`,`content_name`,`data_model`,`img_url`,`render_type`,`create_time`,`last_edit_time`,`term_type`,`model_height`,`model_width`,`model_type`) values ('1e2a31fe-dec9-11e5-8716-68f728f3bf19','轮播_带背景','<div class=\"c_model css_namespaceabc c_edit\">\r\n    <style>\r\n        .css_namespaceabc .lunbo_unit{}\r\n        .css_namespaceabc .lunbo_fade{height : 510px;width:1200px;overflow:hidden;position:relative;margin: 0 auto;}\r\n\r\n        .css_namespaceabc .lunbo_fade li img{height : 365px;width:770px;margin: 0 auto;}\r\n        \r\n        .css_namespaceabc .lunbo_arrow_btn {background-image: url(http://pic.shop.lenovo.com.cn/g1/M00/00/4B/CmBZD1ZMC-6AKzbpAADV05uCIzQ915.png);background-repeat: no-repeat;cursor:pointer;}\r\n        .css_namespaceabc .lunbo_left_btn {float: left;width: 41px;height: 69px;position: absolute;left: 0px;top: 148px;z-index: 10;background-position: -88px -192px}\r\n        .css_namespaceabc .lunbo_right_btn {float: right;width: 41px;height: 69px;position: absolute;right: 0;top: 148px;z-index: 10;background-position: -130px -192px}\r\n        \r\n    </style>\r\n\r\n    <script class=\"tmpl need_remove\" type=\"text/template\">\r\n        <div class=\"lunbo_unit\" style=\"background:{@each imgs.values as it,index}{@if index==0}{@each it as td_it}{@if td_it.title==\'背景色\'}${td_it.value}{@/if}{@/each}{@/if}{@/each};\">\r\n            <div class=\"lenovoplugin lunbo_fade\" optp=\'{\"container_width\":1200,\"container_height\":510,\"direct\":\"right\",\"dots_show\":true,\"dot_align\":\"center\",\"auto_play\":true,\"move_pause\":true,\"test\":false,\"arrow_btn_show\":true,\"arrow_btn_align\":\"center\",\"time\":7000}\' complete=\"change_bg\">\r\n                <div class=\"wrap\">\r\n                    <ul>\r\n                        {@each imgs.values as it,index}\r\n                            <li {@if index==0}class=\"nohid\"{@/if} bg_color=\"{@each it as td_it}{@if td_it.title==\'背景色\'}${td_it.value}{@/if}{@/each}\" >\r\n                                <a href=\"{@each it as td_it}{@if td_it.title==\'链接\'}${td_it.value}{@/if}{@/each}\" {@each it as td_it}{@if td_it.title==\'是否新窗口打开\'}{@if td_it.value==1}target=\"_blank\"{@/if}{@/if}{@/each}>\r\n                                    <img src=\"{@each it as td_it}{@if td_it.title==\'图片\'}${td_it.value}{@/if}{@/each}\" alt=\"\" _src=\"{@each it as td_it}{@if td_it.title==\'图片\'}${td_it.value}{@/if}{@/each}\">\r\n                                </a>\r\n                            </li>\r\n                        {@/each}\r\n                    </ul>\r\n                </div>\r\n            </div>\r\n        </div>\r\n    </script>\r\n\r\n    <div class=\"translated\"></div>\r\n    <div class=\"jsurl hid_rx\">/javascripts/model/lunbo_bg.js</div>\r\n</div>\r\n\r\n<!--\r\n{\r\n   \"imgs\": {\r\n        \"thead_ths\": [\r\n            {\r\n                \"title\": \"是否新窗口打开\", \r\n                \"width_bz\": 1, \r\n                \"type\": \"selection\", \r\n                \"options\": \"[{key:1,value:\'是\'},{key:2,value:\'否\'}]\", \r\n                \"default_v\": 2\r\n            }, \r\n            {\r\n                \"title\": \"链接\", \r\n                \"width_bz\": 1, \r\n                \"type\": \"text\", \r\n                \"default_v\": \"http://www.lenovo.com.cn\"\r\n            }, \r\n            {\r\n                \"title\": \"顺序\", \r\n                \"width_bz\": 1, \r\n                \"type\": \"text\", \r\n                \"order_col\": true, \r\n                \"default_v\": 1\r\n            }, \r\n            {\r\n                \"title\": \"图片\", \r\n                \"width_bz\": 1, \r\n                \"type\": \"img\", \r\n                \"height\":100,\r\n                \"width\":200,\r\n                \"size\":30,\r\n                \"input_id\":\"aaa\",\r\n                \"default_v\": \"http://pic.shop.lenovo.com.cn/g1/M00/01/4A/CmBZEFaXWu2Acc00AAF_K3-N-gw384.jpg\"\r\n            }\r\n        ], \r\n        \"values\": [\r\n            [\r\n                {\r\n                    \"value\": 1, \r\n                    \"title\": \"是否新窗口打开\"\r\n                }, \r\n                {\r\n                    \"value\": \"http://www.lenovo.com.cn\", \r\n                    \"title\": \"链接\"\r\n                }, \r\n                {\r\n                    \"value\": 3, \r\n                    \"title\": \"顺序\"\r\n                }, \r\n                {\r\n                    \"value\": \"http://pic.shop.lenovo.com.cn/g1/M00/01/51/CmBZEFach9CASdQpAAF7jqqwsQM530.jpg\", \r\n                    \"title\": \"图片\"\r\n                }\r\n            ], \r\n            [\r\n                {\r\n                    \"value\": 2, \r\n                    \"title\": \"是否新窗口打开\"\r\n                }, \r\n                {\r\n                    \"value\": \"http://www.lenovo.com.cn\", \r\n                    \"title\": \"链接\"\r\n                }, \r\n                {\r\n                    \"value\": 4, \r\n                    \"title\": \"顺序\"\r\n                }, \r\n                {\r\n                    \"value\": \"http://pic.shop.lenovo.com.cn/g1/M00/01/36/CmBZD1aE4biAVEW7AAEKzgPExeY346.jpg\", \r\n                    \"title\": \"图片\"\r\n                }\r\n            ]\r\n        ], \r\n        \"type\": \"list\", \r\n        \"has_img\":true,\r\n        \"title\": \"xxx\"\r\n    }\r\n}\r\n-->','lunbo_bg.html','{\r\n   \"imgs\": {\r\n        \"thead_ths\": [\r\n            {\r\n                \"title\": \"是否新窗口打开\", \r\n                \"width_bz\": 1, \r\n                \"type\": \"selection\", \r\n                \"options\": \"[{key:1,value:\'是\'},{key:2,value:\'否\'}]\", \r\n                \"default_v\": 2\r\n            }, \r\n            {\r\n                \"title\": \"链接\", \r\n                \"width_bz\": 1, \r\n                \"type\": \"text\", \r\n                \"default_v\": \"http://www.lenovo.com.cn\"\r\n            }, \r\n            {\r\n                \"title\": \"顺序\", \r\n                \"width_bz\": 1, \r\n                \"type\": \"text\", \r\n                \"order_col\": true, \r\n                \"default_v\": 1\r\n            }, \r\n            {\r\n                \"title\": \"图片\", \r\n                \"width_bz\": 5, \r\n                \"type\": \"img\", \r\n        		\"height\":100,\r\n        		\"width\":200,\r\n        		\"size\":30,\r\n        		\"input_id\":\"aaa\",\r\n                \"default_v\": \"http://pic.shop.lenovo.com.cn/g1/M00/01/4A/CmBZEFaXWu2Acc00AAF_K3-N-gw384.jpg\"\r\n            },\r\n	    {\r\n		\"title\": \"背景色\", \r\n                \"width_bz\": 1, \r\n                \"type\": \"text\", \r\n                \"default_v\": \"#ffffff\"\r\n	    }\r\n        ], \r\n        \"values\": [\r\n            [\r\n                {\r\n                    \"value\": 1, \r\n                    \"title\": \"是否新窗口打开\"\r\n                }, \r\n                {\r\n                    \"value\": \"http://www.lenovo.com.cn\", \r\n                    \"title\": \"链接\"\r\n                }, \r\n                {\r\n                    \"value\": 3, \r\n                    \"title\": \"顺序\"\r\n                }, \r\n                {\r\n                    \"value\": \"http://pic.shop.lenovo.com.cn/g1/M00/01/51/CmBZEFach9CASdQpAAF7jqqwsQM530.jpg\", \r\n                    \"title\": \"图片\"\r\n                }, \r\n                {\r\n                    \"value\": \"blue\", \r\n                    \"title\": \"背景色\"\r\n                }\r\n            ], \r\n            [\r\n                {\r\n                    \"value\": 2, \r\n                    \"title\": \"是否新窗口打开\"\r\n                }, \r\n                {\r\n                    \"value\": \"http://www.lenovo.com.cn\", \r\n                    \"title\": \"链接\"\r\n                }, \r\n                {\r\n                    \"value\": 4, \r\n                    \"title\": \"顺序\"\r\n                }, \r\n                {\r\n                    \"value\": \"http://pic.shop.lenovo.com.cn/g1/M00/01/36/CmBZD1aE4biAVEW7AAEKzgPExeY346.jpg\", \r\n                    \"title\": \"图片\"\r\n                }, \r\n                {\r\n                    \"value\": \"#389f24\", \r\n                    \"title\": \"背景色\"\r\n                }\r\n            ]\r\n        ], \r\n        \"type\": \"list\", \r\n	    \"has_img\":true,\r\n        \"title\": \"xxx\"\r\n    },\r\n	\"test\":{\r\n		\"type\":\"tree\",\r\n		\"tree_id\":\"testid\",\r\n		\"add_node_default_info\":{\r\n			\"id\":1,\r\n			\"pId\":0,\r\n			\"name\":\"父节点1\",\r\n			\"a_title\":{\r\n					\"value\":\"1f axcf\",\r\n					\"type\":\"text\",\r\n					\"title\":\"标题\"\r\n				},\r\n			\"new_open\": {\r\n				\"value\": \"1\", \r\n				\"type\": \"selection\", \r\n				\"title\": \"是否新窗口打开\", \r\n				\"options\": [\r\n				    {\r\n					\"key\": 1, \r\n					\"value\": \"是\"\r\n				    }, {\r\n					\"key\": 2, \r\n					\"value\": \"否\"\r\n				    }\r\n				]\r\n			    }\r\n		},\r\n		\"zNodes\":[\r\n			{\r\n				\"id\":1,\r\n				\"pId\":0,\r\n				\"name\":\"父节点1\",\r\n				\"open\":true,\r\n				\"a_title\":{\r\n						\"value\":\"1f axcf\",\r\n						\"type\":\"text\",\r\n						\"title\":\"标题\"\r\n					},\r\n				\"new_open\": {\r\n					\"value\": \"1\", \r\n					\"type\": \"selection\", \r\n					\"title\": \"是否新窗口打开\", \r\n					\"options\": [\r\n					    {\r\n						\"key\": 1, \r\n						\"value\": \"是\"\r\n					    }, {\r\n						\"key\": 2, \r\n						\"value\": \"否\"\r\n					    }\r\n					]\r\n				    }\r\n			},\r\n			{\"id\":2,\"pId\":0,\"name\":\"父节点2\",\"open\":true,\r\n				\"bg_imgurl\": {\r\n					\"value\": \"http://pic.shop.lenovo.com.cn/164/g1/M00/03/9D/CmBZEFY4fFOAGMOiAACVIl7z1UQ956.jpg\",\r\n					\"type\": \"img\",\r\n					\"title\": \"背景图片\",\r\n					\"height\":100,\r\n					\"width\":200,\r\n					\"size\":30,\r\n					\"input_id\":\"bg_img\"\r\n				 }\r\n			},\r\n			{\"id\":11,\"pId\":1,\"name\":\"叶子节点11\",\"open\":false}\r\n		]\r\n	}\r\n}','/images/upload/QQ图片20160229174427.png',2,'2016-02-29 17:45:07','2016-04-26 15:36:42',1,1200,1500,1),('261ed9bd-deb5-11e5-8716-68f728f3bf19','左1右(上2下1)','<div class=\"c_model css_namespace_xxx\">\r\n	<style>\r\n        .css_namespace_xxx{height: 565px;}\r\n		.css_namespace_xxx .title1{font-size: 28px;position: absolute;top: 36px;left: 30px;color: #fff;z-index: 10;}\r\n		.css_namespace_xxx .title2{font-size: 16px;position: absolute;top: 106px;left: 30px;color: #fff;z-index: 10;}\r\n		.css_namespace_xxx .title3{font-size: 25px;position: absolute;top: 132px;left: 30px;color: #fff;z-index: 10;}\r\n		.css_namespace_xxx .bg{position: absolute;z-index: 1;top: 0;left: 0;}\r\n		.css_namespace_xxx .big{width: 397px;height: 565px;background: #abc123;position: relative;}\r\n			.css_namespace_xxx .big .showimg{position: absolute;z-index: 2;top: 213px;left: 97px;}\r\n		.css_namespace_xxx .small{width: 397px;height: 310px;background: #d44123;margin-left: 5px;position: relative;}\r\n			.css_namespace_xxx .small .showimg{position: absolute;z-index: 2;top: 88px;left: 195px;}\r\n		.css_namespace_xxx .small2{width: 396px;background: #d44dd3;position: relative;}\r\n		.css_namespace_xxx .middle{width: 798px;height: 250px;margin-top: 5px;margin-left: 5px;background: #12c423;position: relative;}\r\n			.css_namespace_xxx .middle .showimg{position: absolute;z-index: 2;top: 27px;left: 275px;}\r\n	</style>\r\n	<script class=\"tmpl\" type=\"text/template\">\r\n		{@each zone_item_list as it,index}\r\n			<div class=\"{@if index==0}big{@/if}{@if index==1}small{@/if}{@if index==2}small small2{@/if}{@if index==3}middle{@/if} fl_rx c_edit\" zone_id=\"${it.zone_id}\">\r\n				<div class=\"title1\">${it.title.value}</div>\r\n				<div class=\"title2\">${it.description.value}</div>\r\n				<div class=\"title3\">${it.price.value}元</div>\r\n				<img src=\"${it.bg_imgurl.value}\" alt=\"\" class=\"bg\">\r\n				<img src=\"${it.product_imgurl.value}\" alt=\"\" class=\"showimg\">\r\n			</div>\r\n		{@/each}\r\n	</script>\r\n	<div class=\"translated\">\r\n		\r\n	</div>\r\n</div>\r\n\r\n<!--\r\n\r\n{\r\n    \"zone_item_list\": [\r\n        {\r\n            \"zone_id\": \"1\", \r\n            \"title\": {\r\n                \"value\": \"乐檬k31\", \r\n                \"type\": \"text\", \r\n                \"title\": \"标题\", \r\n                \"key\": \"title\"\r\n            }, \r\n            \"description\": {\r\n                \"value\": \"千元性价比新选择\", \r\n                \"type\": \"text\", \r\n                \"title\": \"描述\", \r\n                \"key\": \"description\"\r\n            }, \r\n            \"price\": {\r\n                \"value\": \"700\", \r\n                \"type\": \"text\", \r\n                \"title\": \"价格\", \r\n                \"key\": \"price\"\r\n            }, \r\n            \"bg_imgurl\": {\r\n                \"value\": \"/images/upload/QQ图片20160229155512.png\", \r\n                \"type\": \"img\", \r\n                \"title\": \"背景图片\", \r\n                \"height\": 100, \r\n                \"width\": 200, \r\n                \"size\": 30, \r\n                \"input_id\": \"bg_img\", \r\n                \"key\": \"bg_imgurl\"\r\n            }, \r\n            \"product_imgurl\": {\r\n                \"value\": \"/images/upload/lenovo-phone01.jpg\", \r\n                \"type\": \"img\", \r\n                \"title\": \"实物图片\", \r\n                \"height\": 100, \r\n                \"width\": 200, \r\n                \"size\": 30, \r\n                \"input_id\": \"product_img\", \r\n                \"key\": \"product_imgurl\"\r\n            }\r\n        }, \r\n        {\r\n            \"zone_id\": \"2\", \r\n            \"title\": {\r\n                \"value\": \"乐檬k32\", \r\n                \"type\": \"text\", \r\n                \"title\": \"标题\", \r\n                \"key\": \"title\"\r\n            }, \r\n            \"description\": {\r\n                \"value\": \"千元性价比新选择\", \r\n                \"type\": \"text\", \r\n                \"title\": \"描述\", \r\n                \"key\": \"description\"\r\n            }, \r\n            \"price\": {\r\n                \"value\": \"699\", \r\n                \"type\": \"text\", \r\n                \"title\": \"价格\", \r\n                \"key\": \"price\"\r\n            }, \r\n            \"bg_imgurl\": {\r\n                \"value\": \"/images/upload/QQ图片20160229160321.png\", \r\n                \"type\": \"img\", \r\n                \"title\": \"背景图片\", \r\n                \"height\": 100, \r\n                \"width\": 200, \r\n                \"size\": 30, \r\n                \"input_id\": \"bg_img\", \r\n                \"key\": \"bg_imgurl\"\r\n            }, \r\n            \"product_imgurl\": {\r\n                \"value\": \"/images/upload/QQ图片20160229160419.png\", \r\n                \"type\": \"img\", \r\n                \"title\": \"实物图片\", \r\n                \"height\": 100, \r\n                \"width\": 200, \r\n                \"size\": 30, \r\n                \"input_id\": \"product_img\", \r\n                \"key\": \"product_imgurl\"\r\n            }\r\n        }, \r\n        {\r\n            \"zone_id\": \"3\", \r\n            \"title\": {\r\n                \"value\": \"乐檬k33\", \r\n                \"type\": \"text\", \r\n                \"title\": \"标题\", \r\n                \"key\": \"title\"\r\n            }, \r\n            \"description\": {\r\n                \"value\": \"千元性价比新选择\", \r\n                \"type\": \"text\", \r\n                \"title\": \"描述\", \r\n                \"key\": \"description\"\r\n            }, \r\n            \"price\": {\r\n                \"value\": \"699\", \r\n                \"type\": \"text\", \r\n                \"title\": \"价格\", \r\n                \"key\": \"price\"\r\n            }, \r\n            \"bg_imgurl\": {\r\n                \"value\": \"/images/upload/QQ图片20160229160536.png\", \r\n                \"type\": \"img\", \r\n                \"title\": \"背景图片\", \r\n                \"height\": 100, \r\n                \"width\": 200, \r\n                \"size\": 30, \r\n                \"input_id\": \"bg_img\", \r\n                \"key\": \"bg_imgurl\"\r\n            }, \r\n            \"product_imgurl\": {\r\n                \"value\": \"/images/upload/QQ图片20160229160615.png\", \r\n                \"type\": \"img\", \r\n                \"title\": \"实物图片\", \r\n                \"height\": 100, \r\n                \"width\": 200, \r\n                \"size\": 30, \r\n                \"input_id\": \"product_img\", \r\n                \"key\": \"product_imgurl\"\r\n            }\r\n        }, \r\n        {\r\n            \"zone_id\": \"4\", \r\n            \"title\": {\r\n                \"value\": \"乐檬k34\", \r\n                \"type\": \"text\", \r\n                \"title\": \"标题\", \r\n                \"key\": \"title\"\r\n            }, \r\n            \"description\": {\r\n                \"value\": \"千元性价比新选择\", \r\n                \"type\": \"text\", \r\n                \"title\": \"描述\", \r\n                \"key\": \"description\"\r\n            }, \r\n            \"price\": {\r\n                \"value\": \"699\", \r\n                \"type\": \"text\", \r\n                \"title\": \"价格\", \r\n                \"key\": \"price\"\r\n            }, \r\n            \"bg_imgurl\": {\r\n                \"value\": \"/images/upload/QQ图片20160229160756.png\", \r\n                \"type\": \"img\", \r\n                \"title\": \"背景图片\", \r\n                \"height\": 100, \r\n                \"width\": 200, \r\n                \"size\": 30, \r\n                \"input_id\": \"bg_img\", \r\n                \"key\": \"bg_imgurl\"\r\n            }, \r\n            \"product_imgurl\": {\r\n                \"value\": \"/images/upload/QQ图片20160229160833.png\", \r\n                \"type\": \"img\", \r\n                \"title\": \"实物图片\", \r\n                \"height\": 100, \r\n                \"width\": 200, \r\n                \"size\": 30, \r\n                \"input_id\": \"product_img\", \r\n                \"key\": \"product_imgurl\"\r\n            }\r\n        }\r\n    ]\r\n}\r\n-->','left_1_right(top_2_bottom_1).html','{\r\n	\"zone_item_list\" : [\r\n		{\r\n			\"zone_id\": \"1\", \r\n			\"title\": {\r\n                \"value\": \"乐檬k31\", \r\n                \"type\": \"text\", \r\n                \"title\": \"标题\"\r\n            }, \r\n            \"description\": {\r\n                \"value\": \"千元性价比新选择\", \r\n                \"type\": \"text\", \r\n                \"title\": \"描述\"\r\n            }, \r\n            \"price\": {\r\n                \"value\": 699, \r\n                \"type\": \"text\", \r\n                \"title\": \"价格\"\r\n            }, \r\n            \"bg_imgurl\": {\r\n            	\"value\": \"http://pic.shop.lenovo.com.cn/164/g1/M00/03/9D/CmBZEFY4fFOAGMOiAACVIl7z1UQ956.jpg\",\r\n				\"type\": \"img\",\r\n				\"title\": \"背景图片\",\r\n				\"height\":100,\r\n				\"width\":200,\r\n				\"size\":30,\r\n				\"input_id\":\"bg_img\"\r\n		    },\r\n		    \"product_imgurl\": {\r\n            	\"value\": \"http://pic.shop.lenovo.com.cn/164/g1/M00/03/9D/CmBZEFY4fFOAGMOiAACVIl7z1UQ956.jpg\",\r\n				\"type\": \"img\",\r\n				\"title\": \"实物图片\",\r\n				\"height\":100,\r\n				\"width\":200,\r\n				\"size\":30,\r\n				\"input_id\":\"product_img\"\r\n		    }\r\n		},\r\n		{\r\n			\"zone_id\": \"2\", \r\n			\"title\": {\r\n                \"value\": \"乐檬k32\", \r\n                \"type\": \"text\", \r\n                \"title\": \"标题\"\r\n            }, \r\n            \"description\": {\r\n                \"value\": \"千元性价比新选择\", \r\n                \"type\": \"text\", \r\n                \"title\": \"描述\"\r\n            }, \r\n            \"price\": {\r\n                \"value\": 699, \r\n                \"type\": \"text\", \r\n                \"title\": \"价格\"\r\n            }, \r\n            \"bg_imgurl\": {\r\n            	\"value\": \"http://pic.shop.lenovo.com.cn/164/g1/M00/03/9D/CmBZEFY4fFOAGMOiAACVIl7z1UQ956.jpg\",\r\n				\"type\": \"img\",\r\n				\"title\": \"背景图片\",\r\n				\"height\":100,\r\n				\"width\":200,\r\n				\"size\":30,\r\n				\"input_id\":\"bg_img\"\r\n		    },\r\n		    \"product_imgurl\": {\r\n            	\"value\": \"http://pic.shop.lenovo.com.cn/164/g1/M00/03/9D/CmBZEFY4fFOAGMOiAACVIl7z1UQ956.jpg\",\r\n				\"type\": \"img\",\r\n				\"title\": \"实物图片\",\r\n				\"height\":100,\r\n				\"width\":200,\r\n				\"size\":30,\r\n				\"input_id\":\"product_img\"\r\n		    }\r\n		},\r\n		{\r\n			\"zone_id\": \"3\", \r\n			\"title\": {\r\n                \"value\": \"乐檬k33\", \r\n                \"type\": \"text\", \r\n                \"title\": \"标题\"\r\n            }, \r\n            \"description\": {\r\n                \"value\": \"千元性价比新选择\", \r\n                \"type\": \"text\", \r\n                \"title\": \"描述\"\r\n            }, \r\n            \"price\": {\r\n                \"value\": 699, \r\n                \"type\": \"text\", \r\n                \"title\": \"价格\"\r\n            }, \r\n            \"bg_imgurl\": {\r\n            	\"value\": \"http://pic.shop.lenovo.com.cn/164/g1/M00/03/9D/CmBZEFY4fFOAGMOiAACVIl7z1UQ956.jpg\",\r\n				\"type\": \"img\",\r\n				\"title\": \"背景图片\",\r\n				\"height\":100,\r\n				\"width\":200,\r\n				\"size\":30,\r\n				\"input_id\":\"bg_img\"\r\n		    },\r\n		    \"product_imgurl\": {\r\n            	\"value\": \"http://pic.shop.lenovo.com.cn/164/g1/M00/03/9D/CmBZEFY4fFOAGMOiAACVIl7z1UQ956.jpg\",\r\n				\"type\": \"img\",\r\n				\"title\": \"实物图片\",\r\n				\"height\":100,\r\n				\"width\":200,\r\n				\"size\":30,\r\n				\"input_id\":\"product_img\"\r\n		    }\r\n		},\r\n		{\r\n			\"zone_id\": \"4\", \r\n			\"title\": {\r\n                \"value\": \"乐檬k34\", \r\n                \"type\": \"text\", \r\n                \"title\": \"标题\"\r\n            }, \r\n            \"description\": {\r\n                \"value\": \"千元性价比新选择\", \r\n                \"type\": \"text\", \r\n                \"title\": \"描述\"\r\n            }, \r\n            \"price\": {\r\n                \"value\": 699, \r\n                \"type\": \"text\", \r\n                \"title\": \"价格\"\r\n            }, \r\n            \"bg_imgurl\": {\r\n            	\"value\": \"http://pic.shop.lenovo.com.cn/164/g1/M00/03/9D/CmBZEFY4fFOAGMOiAACVIl7z1UQ956.jpg\",\r\n				\"type\": \"img\",\r\n				\"title\": \"背景图片\",\r\n				\"height\":100,\r\n				\"width\":200,\r\n				\"size\":30,\r\n				\"input_id\":\"bg_img\"\r\n		    },\r\n		    \"product_imgurl\": {\r\n            	\"value\": \"http://pic.shop.lenovo.com.cn/164/g1/M00/03/9D/CmBZEFY4fFOAGMOiAACVIl7z1UQ956.jpg\",\r\n				\"type\": \"img\",\r\n				\"title\": \"实物图片\",\r\n				\"height\":100,\r\n				\"width\":200,\r\n				\"size\":30,\r\n				\"input_id\":\"product_img\"\r\n		    }\r\n		}\r\n	]\r\n}','/images/upload/左1右(上2下1).png',2,'2016-02-29 15:22:11','2016-03-10 11:05:19',1,1200,1200,3),('70b72c9b-df8b-11e5-b982-68f728f3bf19','3_img_hot_product','<div class=\"c_model css_namespace_xxx\">\r\n	<style>\r\n		.css_namespace_xxx {}\r\n		img{border: 0;}\r\n		/*hot*/\r\n		.css_namespace_xxx .mbg-hot-product{width: 1200px; height: 180px; margin: 0 auto; overflow: hidden;}\r\n		.css_namespace_xxx .mbg-hot-product ul{width: 1210px;}\r\n		.css_namespace_xxx .mbg-hot-product li{position: relative; width: 400px; height: 180px; float: left; border-right: 1px solid #eee;}\r\n		.css_namespace_xxx .mbg-hot-product li .hot-content{position: absolute; top: 36px; right: 0; bottom: 0; left: 24px;}\r\n		.css_namespace_xxx .mbg-hot-product li h6, .css_namespace_xxx .mbg-hot-product li p{width: 180px; line-height: 22px; overflow:hidden;text-overflow:ellipsis;-o-text-overflow:ellipsis;white-space:nowrap;}\r\n		.css_namespace_xxx .mbg-hot-product li h6{font-size: 16px; color: #333; margin-bottom: 4px;}\r\n		.css_namespace_xxx .mbg-hot-product li p{font-size: 14px; color: #a0a0a0;}\r\n		.css_namespace_xxx .mbg-hot-product li a{position: relative; z-index: 1; -webkit-backface-visibility: hidden; display: block; width: 86px; height: 26px; margin-top: 15px; text-align: center; line-height: 26px; font-size: 14px; box-sizing: border-box;}\r\n		.css_namespace_xxx .mbg-hot-product li a.buy-btn{background-color: #dc2a2a; color: #fff; transition: background-color 0.3s, color 0.3s; -webkit-transition: background-color 0.3s, color 0.3s;}\r\n		.css_namespace_xxx .mbg-hot-product li a.buy-btn:before{content: \\\'\\\'; position: absolute; top: 0; left: 0; width: 100%; height: 100%; border: 1px solid #dc2a2a; z-index: -1; opacity: 0; -webkit-transform: scale3d(0.6, 0.6, 1); transform: scale3d(0.6, 0.6, 1); -webkit-transition: -webkit-transform 0.3s, opacity 0.3s; transition: transform 0.3s, opacity 0.3s; -webkit-transition-timing-function: cubic-bezier(0.75, 0, 0.125, 1); transition-timing-function: cubic-bezier(0.75, 0, 0.125, 1);}\r\n		.css_namespace_xxx .mbg-hot-product li a.buy-btn:hover{background-color: #fff; color: #dc2a2a;}\r\n		.css_namespace_xxx .mbg-hot-product li a.buy-btn:hover::before{-webkit-transform: scale3d(1, 1, 1); transform: scale3d(1, 1, 1); opacity: 1;}\r\n		.css_namespace_xxx .mbg-hot-product li a.yuyue-btn{overflow: hidden; background-color: #fff; border: 1px solid #dc2a2a; color: #dc2a2a;-webkit-transition: border-color 0.3s, background-color 0.3s; transition: border-color 0.3s, background-color 0.3s; -webkit-transition-timing-function: cubic-bezier(0.2, 1, 0.3, 1); transition-timing-function: cubic-bezier(0.2, 1, 0.3, 1);}\r\n		.css_namespace_xxx .mbg-hot-product li a.yuyue-btn span, .css_namespace_xxx .mbg-hot-product li a.yuyue-btn::after{-webkit-transition: -webkit-transform 0.3s, opacity 0.3s; transition: transform 0.3s, opacity 0.3s; -webkit-transition-timing-function: cubic-bezier(0.2, 1, 0.3, 1); transition-timing-function: cubic-bezier(0.2, 1, 0.3, 1);}\r\n		.css_namespace_xxx .mbg-hot-product li a.yuyue-btn:hover span{opacity: 0; -webkit-transform: translate3d(0, -50px, 0); transform: translate3d(0, -50px, 0); color: #fff;}\r\n		.css_namespace_xxx .mbg-hot-product li a.yuyue-btn::after{content: attr(data-text); position: absolute; width: 100%; height: 100%; top: 0; left: 0; opacity: 0; color: #fff; -webkit-transform: translate3d(0, 50px, 0); transform: translate3d(0, 50px, 0);}\r\n		.css_namespace_xxx .mbg-hot-product li a.yuyue-btn:hover{background-color: #dc2a2a; border-color: #dc2a2a;}\r\n		.css_namespace_xxx .mbg-hot-product li a.yuyue-btn:hover::after{opacity: 1; -webkit-transform: translate3d(0, 0, 0); transform: translate3d(0, 0, 0);}\r\n		.css_namespace_xxx .mbg-hot-product li .img-box img{float: right;}\r\n\r\n		\r\n	</style>\r\n	<script class=\"tmpl\" type=\"text/template\">\r\n		<div class=\"mbg-hot-product\">\r\n			<ul>\r\n				{@each zone_item_list as it}\r\n					<li class=\"c_edit\" zone_id=\"${it.zone_id}\">\r\n						<div class=\"hot-content\">\r\n							<h6>${it.title.value}</h6>\r\n							<p>${it.description.value}</p>\r\n							{@if it.buy_title.value==\"立即预约\"}\r\n								<a href=\"#\" {@if it.new_open.value==1}target=\"_blank\"{@/if} class=\"yuyue-btn\" data-text=\"立即预约\">\r\n									<span>立即预约</span>\r\n								</a>\r\n							{@/if}\r\n							{@if it.buy_title.value==\"立即购买\"}\r\n								<a href=\"#\" {@if it.new_open.value==1}target=\"_blank\"{@/if} class=\"buy-btn\">\r\n									<span>立即购买</span>\r\n								</a>\r\n							{@/if}\r\n						</div>\r\n						<div class=\"img-box\">\r\n							<img src=\"${it.product_imgurl.value}\" width=\"400\" height=\"180\">\r\n						</div>\r\n					</li>\r\n				{@/each}\r\n			</ul>\r\n		</div>\r\n\r\n	</script>\r\n	<div class=\"translated\"></div>\r\n	<!-- <div class=\"ajax_win hid_rx\" class=\"need_remove\">\r\n		<div class=\"bg\"></div>\r\n		<div class=\"content\">\r\n			<div class=\"product_one_page_info\">\r\n				<form class=\"form-inline\">\r\n					<div class=\"form-group\">\r\n						<label for=\"product_name\">商品名称：</label>\r\n						<input type=\"text\" class=\"form-control\" placeholder=\"商品名称\">\r\n					</div>\r\n					<div class=\"form-group\">\r\n						<label for=\"cp_name\">产品名称：</label>\r\n						<input type=\"text\" class=\"form-control\" placeholder=\"产品名称\">\r\n					</div>\r\n					<div class=\"form-group\">\r\n						<label for=\"wl_no\">物料编号：</label>\r\n						<input type=\"text\" class=\"form-control\" placeholder=\"物料编号\">\r\n					</div>\r\n					<div class=\"form-group\">\r\n						<label for=\"cp_no\">产品编码：</label>\r\n						<input type=\"text\" class=\"form-control\" placeholder=\"产品编码\">\r\n					</div>\r\n					<div class=\"form-group\">\r\n						<label for=\"sale_type\">销售类型：</label>\r\n						<select name=\"\" class=\"form-control\" id=\"sale_type\">\r\n							<option value=\"1\">普通</option>\r\n							<option value=\"2\">非普通</option>\r\n						</select>\r\n					</div>\r\n					<div class=\"form-group\">\r\n						<label for=\"term_type\">平台：</label>\r\n						<select name=\"\" class=\"form-control\" id=\"term_type\">\r\n							<option value=\"1\">不区分平台</option>\r\n							<option value=\"2\">PC</option>\r\n						</select>\r\n					</div>\r\n					<div class=\"form-group\">\r\n						<button type=\"button\" class=\"btn btn-info\">查询</button>\r\n					</div>\r\n				</form>\r\n				<table class=\"table table-striped table-hover\">\r\n					<thead>\r\n						<tr>\r\n							<th>商品名称</th>\r\n							<th>物料编号</th>\r\n							<th>产品名称</th>\r\n							<th>产品编号</th>\r\n							<th>销售类型</th>\r\n							<th>平台</th>\r\n							<th>价格</th>\r\n						</tr>\r\n					</thead>\r\n					<tbody>\r\n						<tr>\r\n							<td>小新v4000(win10升级版)</td>\r\n							<td>80MY000DCD</td>\r\n							<td>小新bigger版V4000升级-win10标准版</td>\r\n							<td>50509</td>\r\n							<td>普通</td>\r\n							<td>PC</td>\r\n							<td>5199.00</td>\r\n						</tr>\r\n						<tr>\r\n							<td>小新v4000(win10升级版)</td>\r\n							<td>80MY000DCD</td>\r\n							<td>小新bigger版V4000升级-win10标准版</td>\r\n							<td>50509</td>\r\n							<td>普通</td>\r\n							<td>PC</td>\r\n							<td>5199.00</td>\r\n						</tr>\r\n						<tr>\r\n							<td>小新v4000(win10升级版)</td>\r\n							<td>80MY000DCD</td>\r\n							<td>小新bigger版V4000升级-win10标准版</td>\r\n							<td>50509</td>\r\n							<td>普通</td>\r\n							<td>PC</td>\r\n							<td>5199.00</td>\r\n						</tr>\r\n					</tbody>\r\n				</table>\r\n			</div>\r\n			<div id=\"product_page_list\"></div>\r\n		</div>\r\n	</div> -->\r\n	<!-- <div class=\"jsurl hid_rx\">/javascripts/jPaginate/jquery.paginate.js</div>\r\n	<div class=\"jsurl hid_rx\">/javascripts/model/chose_product.js</div> -->\r\n</div>\r\n\r\n<!--\r\n	\r\n{\r\n	\"zone_item_list\": [\r\n        {\r\n            \"zone_id\": \"1\", \r\n            \"title\": {\r\n                \"value\": \"微游戏机 MINI Station\", \r\n                \"type\": \"text\", \r\n                \"title\": \"标题\"\r\n            }, \r\n            \"description\": {\r\n                \"value\": \"预约送手机代金券\", \r\n                \"type\": \"text\", \r\n                \"title\": \"描述\"\r\n            }, \r\n            \"buy_title\": {\r\n                \"value\": \"立即预约\", \r\n                \"type\": \"text\", \r\n                \"title\": \"购买类型\"\r\n            }, \r\n            \"product_imgurl\": {\r\n                \"value\": \"/images/upload/hot-proimg.jpg\", \r\n                \"type\": \"img\", \r\n                \"title\": \"实物图片\", \r\n                \"height\": 180, \r\n                \"width\": 400, \r\n                \"size\": 30, \r\n                \"input_id\": \"product_img\"\r\n            },\r\n            \"href\": {\r\n		        \"value\": \"http://www.baidu.com\", \r\n		        \"type\": \"text\", \r\n		        \"title\": \"href\"\r\n		    },\r\n		    \"new_open\": {\r\n		        \"value\": \"1\", \r\n		        \"type\": \"selection\", \r\n		        \"title\": \"是否新窗口打开\", \r\n		        \"options\": [\r\n		            {\r\n		                \"key\": 1, \r\n		                \"value\": \"是\"\r\n		            }, {\r\n		                \"key\": 2, \r\n		                \"value\": \"否\"\r\n		            }\r\n		        ]\r\n		    }\r\n        },\r\n        {\r\n            \"zone_id\": \"2\", \r\n            \"title\": {\r\n                \"value\": \"微游戏机 MINI Station\", \r\n                \"type\": \"text\", \r\n                \"title\": \"标题\"\r\n            }, \r\n            \"description\": {\r\n                \"value\": \"预约送手机代金券\", \r\n                \"type\": \"text\", \r\n                \"title\": \"描述\"\r\n            }, \r\n            \"buy_title\": {\r\n                \"value\": \"立即购买\", \r\n                \"type\": \"text\", \r\n                \"title\": \"购买类型\"\r\n            }, \r\n            \"product_imgurl\": {\r\n                \"value\": \"/images/upload/hot-proimg.jpg\", \r\n                \"type\": \"img\", \r\n                \"title\": \"实物图片\", \r\n                \"height\": 180, \r\n                \"width\": 400, \r\n                \"size\": 30, \r\n                \"input_id\": \"product_img\"\r\n            },\r\n            \"href\": {\r\n		        \"value\": \"http://www.baidu.com\", \r\n		        \"type\": \"text\", \r\n		        \"title\": \"href\"\r\n		    },\r\n		    \"new_open\": {\r\n		        \"value\": \"1\", \r\n		        \"type\": \"selection\", \r\n		        \"title\": \"是否新窗口打开\", \r\n		        \"options\": [\r\n		            {\r\n		                \"key\": 1, \r\n		                \"value\": \"是\"\r\n		            }, {\r\n		                \"key\": 2, \r\n		                \"value\": \"否\"\r\n		            }\r\n		        ]\r\n		    }\r\n        },\r\n        {\r\n            \"zone_id\": \"3\", \r\n            \"title\": {\r\n                \"value\": \"微游戏机 MINI Station\", \r\n                \"type\": \"text\", \r\n                \"title\": \"标题\"\r\n            }, \r\n            \"description\": {\r\n                \"value\": \"预约送手机代金券\", \r\n                \"type\": \"text\", \r\n                \"title\": \"描述\"\r\n            }, \r\n            \"buy_title\": {\r\n                \"value\": \"立即购买\", \r\n                \"type\": \"text\", \r\n                \"title\": \"购买类型\"\r\n            }, \r\n            \"product_imgurl\": {\r\n                \"value\": \"/images/upload/hot-proimg.jpg\", \r\n                \"type\": \"img\", \r\n                \"title\": \"实物图片\", \r\n                \"height\": 180, \r\n                \"width\": 400, \r\n                \"size\": 30, \r\n                \"input_id\": \"product_img\"\r\n            },\r\n            \"href\": {\r\n		        \"value\": \"http://www.baidu.com\", \r\n		        \"type\": \"text\", \r\n		        \"title\": \"href\"\r\n		    },\r\n		    \"new_open\": {\r\n		        \"value\": \"1\", \r\n		        \"type\": \"selection\", \r\n		        \"title\": \"是否新窗口打开\", \r\n		        \"options\": [\r\n		            {\r\n		                \"key\": 1, \r\n		                \"value\": \"是\"\r\n		            }, {\r\n		                \"key\": 2, \r\n		                \"value\": \"否\"\r\n		            }\r\n		        ]\r\n		    }\r\n        }\r\n    ]\r\n}\r\n\r\n-->','3_img_hot_product.html','{\r\n	\"zone_item_list\": [\r\n        {\r\n            \"zone_id\": \"1\", \r\n            \"title\": {\r\n                \"value\": \"微游戏机 MINI Station\", \r\n                \"type\": \"text\", \r\n                \"title\": \"标题\"\r\n            }, \r\n            \"description\": {\r\n                \"value\": \"预约送手机代金券\", \r\n                \"type\": \"text\", \r\n                \"title\": \"描述\"\r\n            }, \r\n            \"buy_title\": {\r\n                \"value\": \"立即预约\", \r\n                \"type\": \"text\", \r\n                \"title\": \"购买类型\"\r\n            }, \r\n            \"product_imgurl\": {\r\n                \"value\": \"/images/upload/hot-proimg.jpg\", \r\n                \"type\": \"img\", \r\n                \"title\": \"实物图片\", \r\n                \"height\": 180, \r\n                \"width\": 400, \r\n                \"size\": 30, \r\n                \"input_id\": \"product_img\"\r\n            },\r\n            \"href\": {\r\n		        \"value\": \"http://www.baidu.com\", \r\n		        \"type\": \"text\", \r\n		        \"title\": \"href\"\r\n		    },\r\n		    \"new_open\": {\r\n		        \"value\": \"1\", \r\n		        \"type\": \"selection\", \r\n		        \"title\": \"是否新窗口打开\", \r\n		        \"options\": [\r\n		            {\r\n		                \"key\": 1, \r\n		                \"value\": \"是\"\r\n		            }, {\r\n		                \"key\": 2, \r\n		                \"value\": \"否\"\r\n		            }\r\n		        ]\r\n		    }\r\n        },\r\n        {\r\n            \"zone_id\": \"2\", \r\n            \"title\": {\r\n                \"value\": \"微游戏机 MINI Station\", \r\n                \"type\": \"text\", \r\n                \"title\": \"标题\"\r\n            }, \r\n            \"description\": {\r\n                \"value\": \"预约送手机代金券\", \r\n                \"type\": \"text\", \r\n                \"title\": \"描述\"\r\n            }, \r\n            \"buy_title\": {\r\n                \"value\": \"立即购买\", \r\n                \"type\": \"text\", \r\n                \"title\": \"购买类型\"\r\n            }, \r\n            \"product_imgurl\": {\r\n                \"value\": \"/images/upload/hot-proimg.jpg\", \r\n                \"type\": \"img\", \r\n                \"title\": \"实物图片\", \r\n                \"height\": 180, \r\n                \"width\": 400, \r\n                \"size\": 30, \r\n                \"input_id\": \"product_img\"\r\n            },\r\n            \"href\": {\r\n		        \"value\": \"http://www.baidu.com\", \r\n		        \"type\": \"text\", \r\n		        \"title\": \"href\"\r\n		    },\r\n		    \"new_open\": {\r\n		        \"value\": \"1\", \r\n		        \"type\": \"selection\", \r\n		        \"title\": \"是否新窗口打开\", \r\n		        \"options\": [\r\n		            {\r\n		                \"key\": 1, \r\n		                \"value\": \"是\"\r\n		            }, {\r\n		                \"key\": 2, \r\n		                \"value\": \"否\"\r\n		            }\r\n		        ]\r\n		    }\r\n        },\r\n        {\r\n            \"zone_id\": \"3\", \r\n            \"title\": {\r\n                \"value\": \"微游戏机 MINI Station\", \r\n                \"type\": \"text\", \r\n                \"title\": \"标题\"\r\n            }, \r\n            \"description\": {\r\n                \"value\": \"预约送手机代金券\", \r\n                \"type\": \"text\", \r\n                \"title\": \"描述\"\r\n            }, \r\n            \"buy_title\": {\r\n                \"value\": \"立即购买\", \r\n                \"type\": \"text\", \r\n                \"title\": \"购买类型\"\r\n            }, \r\n            \"product_imgurl\": {\r\n                \"value\": \"/images/upload/hot-proimg.jpg\", \r\n                \"type\": \"img\", \r\n                \"title\": \"实物图片\", \r\n                \"height\": 180, \r\n                \"width\": 400, \r\n                \"size\": 30, \r\n                \"input_id\": \"product_img\"\r\n            },\r\n            \"href\": {\r\n		        \"value\": \"http://www.baidu.com\", \r\n		        \"type\": \"text\", \r\n		        \"title\": \"href\"\r\n		    },\r\n		    \"new_open\": {\r\n		        \"value\": \"1\", \r\n		        \"type\": \"selection\", \r\n		        \"title\": \"是否新窗口打开\", \r\n		        \"options\": [\r\n		            {\r\n		                \"key\": 1, \r\n		                \"value\": \"是\"\r\n		            }, {\r\n		                \"key\": 2, \r\n		                \"value\": \"否\"\r\n		            }\r\n		        ]\r\n		    }\r\n        }\r\n    ]\r\n}','/images/upload/QQ图片20160301165550.png',2,'2016-03-01 16:56:08','2016-03-11 17:50:21',1,1200,1200,1),('9be916d1-dec6-11e5-8716-68f728f3bf19','4_img_info','<div class=\"c_model css_namespace_xxx\">\r\n	<style>\r\n		.css_namespace_xxx {}\r\n		.css_namespace_xxx .margin_left0{margin-left: 0px;}\r\n		.css_namespace_xxx ul > li{float: left;margin-left: 46px;}\r\n		.css_namespace_xxx ul > li img{width: 265px;height: 254px;}\r\n		.css_namespace_xxx .title{font-size: 18px;color: #000;text-align: center;line-height: 28px;margin-top: 35px;}\r\n		.css_namespace_xxx .description{font-size: 14px;color: #707070;text-align: center;line-height: 30px;}\r\n		.css_namespace_xxx .price{text-align: center;margin-top: 12px;margin-bottom: 66px;}\r\n		.css_namespace_xxx .price span{background: #f9e304;color: #000;font-size: 16px;border-radius: 10px;line-height: 25px;text-align: center;padding: 1px 10px;}\r\n	</style>\r\n	<script class=\"tmpl\" type=\"text/template\">\r\n		\r\n		<ul class=\"clear_rx\">\r\n			{@each zone_item_list as it,index}\r\n				<li class=\"c_edit {@if index==0}margin_left0{@/if}\" zone_id=\"${it.zone_id}\">\r\n					<a href=\"${it.product_imgurl.value}\">\r\n						<img src=\"${it.product_imgurl.value}\" alt=\"实物图片\">\r\n						<div class=\"title\">${it.product_name.value}</div>\r\n						<div class=\"description\">${it.cp_name.value}</div>\r\n						<div class=\"price\">\r\n							<span>${it.price.value}元</span>\r\n						</div>\r\n					</a>\r\n				</li>\r\n			{@/each}\r\n		</ul>\r\n		\r\n	</script>\r\n	<div class=\"translated\">\r\n	</div>\r\n</div>\r\n\r\n<!--\r\n\r\n{\r\n	\"zone_item_list\": [\r\n        {\r\n            \"zone_id\": \"1\", \r\n            \"title\": {\r\n                \"value\": \"Jabra蓝牙耳机\", \r\n                \"type\": \"text\", \r\n                \"title\": \"标题\", \r\n                \"key\": \"title\"\r\n            }, \r\n            \"description\": {\r\n                \"value\": \"舒适佩戴 语音导航 可同时与两部手机配对\", \r\n                \"type\": \"text\", \r\n                \"title\": \"描述\", \r\n                \"key\": \"description\"\r\n            }, \r\n            \"price\": {\r\n                \"value\": \"399\", \r\n                \"type\": \"text\", \r\n                \"title\": \"价格\", \r\n                \"key\": \"price\"\r\n            }, \r\n            \"product_imgurl\": {\r\n                \"value\": \"/images/upload/lenovo-phone01.jpg\", \r\n                \"type\": \"img\", \r\n                \"title\": \"实物图片\", \r\n                \"height\": 100, \r\n                \"width\": 200, \r\n                \"size\": 30, \r\n                \"input_id\": \"product_img\", \r\n                \"key\": \"product_imgurl\"\r\n            },\r\n            \"href\": {\r\n		        \"value\": \"700\", \r\n		        \"type\": \"text\", \r\n		        \"title\": \"href\", \r\n		        \"key\": \"price\"\r\n		    },\r\n		    \"new_open\": {\r\n		        \"value\": \"1\", \r\n		        \"type\": \"selection\", \r\n		        \"title\": \"是否新窗口打开\", \r\n		        \"options\": [\r\n		            {\r\n		                \"key\": 1, \r\n		                \"value\": \"是\"\r\n		            }, {\r\n		                \"key\": 2, \r\n		                \"value\": \"否\"\r\n		            }\r\n		        ]\r\n		    }\r\n        },\r\n        {\r\n            \"zone_id\": \"2\", \r\n            \"title\": {\r\n                \"value\": \"Jabra蓝牙耳机\", \r\n                \"type\": \"text\", \r\n                \"title\": \"标题\", \r\n                \"key\": \"title\"\r\n            }, \r\n            \"description\": {\r\n                \"value\": \"舒适佩戴 语音导航 可同时与两部手机配对\", \r\n                \"type\": \"text\", \r\n                \"title\": \"描述\", \r\n                \"key\": \"description\"\r\n            }, \r\n            \"price\": {\r\n                \"value\": \"399\", \r\n                \"type\": \"text\", \r\n                \"title\": \"价格\", \r\n                \"key\": \"price\"\r\n            }, \r\n            \"product_imgurl\": {\r\n                \"value\": \"/images/upload/lenovo-phone01.jpg\", \r\n                \"type\": \"img\", \r\n                \"title\": \"实物图片\", \r\n                \"height\": 100, \r\n                \"width\": 200, \r\n                \"size\": 30, \r\n                \"input_id\": \"product_img\", \r\n                \"key\": \"product_imgurl\"\r\n            },\r\n            \"href\": {\r\n		        \"value\": \"700\", \r\n		        \"type\": \"text\", \r\n		        \"title\": \"href\", \r\n		        \"key\": \"price\"\r\n		    },\r\n		    \"new_open\": {\r\n		        \"value\": \"1\", \r\n		        \"type\": \"selection\", \r\n		        \"title\": \"是否新窗口打开\", \r\n		        \"options\": [\r\n		            {\r\n		                \"key\": 1, \r\n		                \"value\": \"是\"\r\n		            }, {\r\n		                \"key\": 2, \r\n		                \"value\": \"否\"\r\n		            }\r\n		        ]\r\n		    }\r\n        },\r\n        {\r\n            \"zone_id\": \"3\", \r\n            \"title\": {\r\n                \"value\": \"Jabra蓝牙耳机\", \r\n                \"type\": \"text\", \r\n                \"title\": \"标题\", \r\n                \"key\": \"title\"\r\n            }, \r\n            \"description\": {\r\n                \"value\": \"舒适佩戴 语音导航 可同时与两部手机配对\", \r\n                \"type\": \"text\", \r\n                \"title\": \"描述\", \r\n                \"key\": \"description\"\r\n            }, \r\n            \"price\": {\r\n                \"value\": \"399\", \r\n                \"type\": \"text\", \r\n                \"title\": \"价格\", \r\n                \"key\": \"price\"\r\n            }, \r\n            \"product_imgurl\": {\r\n                \"value\": \"/images/upload/lenovo-phone01.jpg\", \r\n                \"type\": \"img\", \r\n                \"title\": \"实物图片\", \r\n                \"height\": 100, \r\n                \"width\": 200, \r\n                \"size\": 30, \r\n                \"input_id\": \"product_img\", \r\n                \"key\": \"product_imgurl\"\r\n            },\r\n            \"href\": {\r\n		        \"value\": \"700\", \r\n		        \"type\": \"text\", \r\n		        \"title\": \"href\", \r\n		        \"key\": \"price\"\r\n		    },\r\n		    \"new_open\": {\r\n		        \"value\": \"1\", \r\n		        \"type\": \"selection\", \r\n		        \"title\": \"是否新窗口打开\", \r\n		        \"options\": [\r\n		            {\r\n		                \"key\": 1, \r\n		                \"value\": \"是\"\r\n		            }, {\r\n		                \"key\": 2, \r\n		                \"value\": \"否\"\r\n		            }\r\n		        ]\r\n		    }\r\n        }, \r\n        {\r\n            \"zone_id\": \"4\", \r\n            \"title\": {\r\n                \"value\": \"乐檬k31\", \r\n                \"type\": \"text\", \r\n                \"title\": \"标题\", \r\n                \"key\": \"title\"\r\n            }, \r\n            \"description\": {\r\n                \"value\": \"千元性价比新选择\", \r\n                \"type\": \"text\", \r\n                \"title\": \"描述\", \r\n                \"key\": \"description\"\r\n            }, \r\n            \"price\": {\r\n                \"value\": \"700\", \r\n                \"type\": \"text\", \r\n                \"title\": \"价格\", \r\n                \"key\": \"price\"\r\n            }, \r\n            \"product_imgurl\": {\r\n                \"value\": \"/images/upload/lenovo-phone01.jpg\", \r\n                \"type\": \"img\", \r\n                \"title\": \"实物图片\", \r\n                \"height\": 100, \r\n                \"width\": 200, \r\n                \"size\": 30, \r\n                \"input_id\": \"product_img\", \r\n                \"key\": \"product_imgurl\"\r\n            },\r\n            \"href\": {\r\n		        \"value\": \"700\", \r\n		        \"type\": \"text\", \r\n		        \"title\": \"href\", \r\n		        \"key\": \"price\"\r\n		    },\r\n		    \"new_open\": {\r\n		        \"value\": \"1\", \r\n		        \"type\": \"selection\", \r\n		        \"title\": \"是否新窗口打开\", \r\n		        \"options\": [\r\n		            {\r\n		                \"key\": 1, \r\n		                \"value\": \"是\"\r\n		            }, {\r\n		                \"key\": 2, \r\n		                \"value\": \"否\"\r\n		            }\r\n		        ]\r\n		    }\r\n        }\r\n    ]\r\n}\r\n\r\n-->','4_img_info.html','{\r\n    \"chose_product\":{\r\n        \"type\":\"ajax_win\",\r\n        \"title\":\"选择商品\",\r\n        \"service\":\"chose_product\",\r\n        \"fn_name\":\"chose_product_service\"\r\n    },\r\n    \"zone_item_list\": [\r\n        {\r\n            \"zone_id\": \"1\", \r\n            \"product_name\": {\r\n                \"value\": \"联想智能手环111\", \r\n                \"type\": \"text\", \r\n                \"title\": \"商品名称\"\r\n            }, \r\n            \"cp_name\": {\r\n                \"value\": \"颜值爆表 手环界的小鲜肉\", \r\n                \"type\": \"text\", \r\n                \"title\": \"产品名称\"\r\n            }, \r\n            \"price\": {\r\n                \"value\": \"699\", \r\n                \"type\": \"text\", \r\n                \"title\": \"价格\"\r\n            }, \r\n            \"product_imgurl\": {\r\n                \"value\": \"/images/upload/QQ图片20160229172432.png\", \r\n                \"type\": \"img\", \r\n                \"title\": \"实物图片\", \r\n                \"height\": 100, \r\n                \"width\": 200, \r\n                \"size\": 30, \r\n                \"input_id\": \"product_img\"\r\n            }, \r\n            \"wl_no\": {\r\n                \"value\": \"wl111\", \r\n                \"type\": \"text\", \r\n                \"title\": \"物料编号\"\r\n            },\r\n            \"cp_no\": {\r\n                \"value\": \"cp111\", \r\n                \"type\": \"text\", \r\n                \"title\": \"产品编号\"\r\n            },\r\n            \"sale_type\": {\r\n                \"value\": \"1\", \r\n                \"type\": \"selection\", \r\n                \"title\": \"销售类型\", \r\n                \"options\": [\r\n                    {\r\n                        \"key\": 1, \r\n                        \"value\": \"普通\"\r\n                    }, \r\n                    {\r\n                        \"key\": 2, \r\n                        \"value\": \"非普通\"\r\n                    }\r\n                ]\r\n            },\r\n            \"term_type\": {\r\n                \"value\": \"1\", \r\n                \"type\": \"selection\", \r\n                \"title\": \"平台\", \r\n                \"options\": [\r\n                    {\r\n                        \"key\": 1, \r\n                        \"value\": \"不区分平台\"\r\n                    }, \r\n                    {\r\n                        \"key\": 2, \r\n                        \"value\": \"PC\"\r\n                    }, \r\n                    {\r\n                        \"key\": 3, \r\n                        \"value\": \"WAP\"\r\n                    }\r\n                ]\r\n            },\r\n            \"new_open\": {\r\n                \"value\": \"1\", \r\n                \"type\": \"selection\", \r\n                \"title\": \"是否新窗口打开\", \r\n                \"options\": [\r\n                    {\r\n                        \"key\": 1, \r\n                        \"value\": \"是\"\r\n                    }, \r\n                    {\r\n                        \"key\": 2, \r\n                        \"value\": \"否\"\r\n                    }\r\n                ]\r\n            }\r\n        }, \r\n        {\r\n            \"zone_id\": \"2\", \r\n            \"product_name\": {\r\n                \"value\": \"联想乐檬OVC耳机\", \r\n                \"type\": \"text\", \r\n                \"title\": \"商品名称\"\r\n            }, \r\n            \"cp_name\": {\r\n                \"value\": \"乐享轻音 檬动初心\", \r\n                \"type\": \"text\", \r\n                \"title\": \"产品名称\"\r\n            }, \r\n            \"price\": {\r\n                \"value\": \"129\", \r\n                \"type\": \"text\", \r\n                \"title\": \"价格\"\r\n            }, \r\n            \"product_imgurl\": {\r\n                \"value\": \"/images/upload/QQ图片20160229172451.png\", \r\n                \"type\": \"img\", \r\n                \"title\": \"实物图片\", \r\n                \"height\": 100, \r\n                \"width\": 200, \r\n                \"size\": 30, \r\n                \"input_id\": \"product_img\"\r\n            }, \r\n            \"wl_no\": {\r\n                \"value\": \"wl112\", \r\n                \"type\": \"text\", \r\n                \"title\": \"物料编号\"\r\n            },\r\n            \"cp_no\": {\r\n                \"value\": \"cp112\", \r\n                \"type\": \"text\", \r\n                \"title\": \"产品编号\"\r\n            },\r\n            \"sale_type\": {\r\n                \"value\": \"1\", \r\n                \"type\": \"selection\", \r\n                \"title\": \"销售类型\", \r\n                \"options\": [\r\n                    {\r\n                        \"key\": 1, \r\n                        \"value\": \"普通\"\r\n                    }, \r\n                    {\r\n                        \"key\": 2, \r\n                        \"value\": \"非普通\"\r\n                    }\r\n                ]\r\n            },\r\n            \"term_type\": {\r\n                \"value\": \"1\", \r\n                \"type\": \"selection\", \r\n                \"title\": \"平台\", \r\n                \"options\": [\r\n                    {\r\n                        \"key\": 1, \r\n                        \"value\": \"不区分平台\"\r\n                    }, \r\n                    {\r\n                        \"key\": 2, \r\n                        \"value\": \"PC\"\r\n                    }, \r\n                    {\r\n                        \"key\": 3, \r\n                        \"value\": \"WAP\"\r\n                    }\r\n                ]\r\n            },\r\n            \"new_open\": {\r\n                \"value\": \"1\", \r\n                \"type\": \"selection\", \r\n                \"title\": \"是否新窗口打开\", \r\n                \"options\": [\r\n                    {\r\n                        \"key\": 1, \r\n                        \"value\": \"是\"\r\n                    }, \r\n                    {\r\n                        \"key\": 2, \r\n                        \"value\": \"否\"\r\n                    }\r\n                ]\r\n            }\r\n        }, \r\n        {\r\n            \"zone_id\": \"3\", \r\n            \"product_name\": {\r\n                \"value\": \"Jabra蓝牙耳机\", \r\n                \"type\": \"text\", \r\n                \"title\": \"商品名称\"\r\n            }, \r\n            \"cp_name\": {\r\n                \"value\": \"舒适佩戴 语音导航 可同时与两部手机配对\", \r\n                \"type\": \"text\", \r\n                \"title\": \"产品名称\"\r\n            }, \r\n            \"price\": {\r\n                \"value\": \"399\", \r\n                \"type\": \"text\", \r\n                \"title\": \"价格\"\r\n            }, \r\n            \"product_imgurl\": {\r\n                \"value\": \"/images/upload/QQ图片20160229172508.png\", \r\n                \"type\": \"img\", \r\n                \"title\": \"实物图片\", \r\n                \"height\": 100, \r\n                \"width\": 200, \r\n                \"size\": 30, \r\n                \"input_id\": \"product_img\"\r\n            }, \r\n            \"wl_no\": {\r\n                \"value\": \"wl113\", \r\n                \"type\": \"text\", \r\n                \"title\": \"物料编号\"\r\n            },\r\n            \"cp_no\": {\r\n                \"value\": \"cp113\", \r\n                \"type\": \"text\", \r\n                \"title\": \"产品编号\"\r\n            },\r\n            \"sale_type\": {\r\n                \"value\": \"1\", \r\n                \"type\": \"selection\", \r\n                \"title\": \"销售类型\", \r\n                \"options\": [\r\n                    {\r\n                        \"key\": 1, \r\n                        \"value\": \"普通\"\r\n                    }, \r\n                    {\r\n                        \"key\": 2, \r\n                        \"value\": \"非普通\"\r\n                    }\r\n                ]\r\n            },\r\n            \"term_type\": {\r\n                \"value\": \"1\", \r\n                \"type\": \"selection\", \r\n                \"title\": \"平台\", \r\n                \"options\": [\r\n                    {\r\n                        \"key\": 1, \r\n                        \"value\": \"不区分平台\"\r\n                    }, \r\n                    {\r\n                        \"key\": 2, \r\n                        \"value\": \"PC\"\r\n                    }, \r\n                    {\r\n                        \"key\": 3, \r\n                        \"value\": \"WAP\"\r\n                    }\r\n                ]\r\n            },\r\n            \"new_open\": {\r\n                \"value\": \"1\", \r\n                \"type\": \"selection\", \r\n                \"title\": \"是否新窗口打开\", \r\n                \"options\": [\r\n                    {\r\n                        \"key\": 1, \r\n                        \"value\": \"是\"\r\n                    }, \r\n                    {\r\n                        \"key\": 2, \r\n                        \"value\": \"否\"\r\n                    }\r\n                ]\r\n            }\r\n        }, \r\n        {\r\n            \"zone_id\": \"4\", \r\n            \"product_name\": {\r\n                \"value\": \"小新移动电源\", \r\n                \"type\": \"text\", \r\n                \"title\": \"商品名称\"\r\n            }, \r\n            \"cp_name\": {\r\n                \"value\": \"智能匹配99%以上的手机和平板电脑\", \r\n                \"type\": \"text\", \r\n                \"title\": \"产品名称\"\r\n            }, \r\n            \"price\": {\r\n                \"value\": \"99\", \r\n                \"type\": \"text\", \r\n                \"title\": \"价格\"\r\n            }, \r\n            \"product_imgurl\": {\r\n                \"value\": \"/images/upload/QQ图片20160229172529.png\", \r\n                \"type\": \"img\", \r\n                \"title\": \"实物图片\", \r\n                \"height\": 100, \r\n                \"width\": 200, \r\n                \"size\": 30, \r\n                \"input_id\": \"product_img\"\r\n            }, \r\n            \"wl_no\": {\r\n                \"value\": \"wl114\", \r\n                \"type\": \"text\", \r\n                \"title\": \"物料编号\"\r\n            },\r\n            \"cp_no\": {\r\n                \"value\": \"cp114\", \r\n                \"type\": \"text\", \r\n                \"title\": \"产品编号\"\r\n            },\r\n            \"sale_type\": {\r\n                \"value\": \"1\", \r\n                \"type\": \"selection\", \r\n                \"title\": \"销售类型\", \r\n                \"options\": [\r\n                    {\r\n                        \"key\": 1, \r\n                        \"value\": \"普通\"\r\n                    }, \r\n                    {\r\n                        \"key\": 2, \r\n                        \"value\": \"非普通\"\r\n                    }\r\n                ]\r\n            },\r\n            \"term_type\": {\r\n                \"value\": \"1\", \r\n                \"type\": \"selection\", \r\n                \"title\": \"平台\", \r\n                \"options\": [\r\n                    {\r\n                        \"key\": 1, \r\n                        \"value\": \"不区分平台\"\r\n                    }, \r\n                    {\r\n                        \"key\": 2, \r\n                        \"value\": \"PC\"\r\n                    }, \r\n                    {\r\n                        \"key\": 3, \r\n                        \"value\": \"WAP\"\r\n                    }\r\n                ]\r\n            },\r\n            \"new_open\": {\r\n                \"value\": \"1\", \r\n                \"type\": \"selection\", \r\n                \"title\": \"是否新窗口打开\", \r\n                \"options\": [\r\n                    {\r\n                        \"key\": 1, \r\n                        \"value\": \"是\"\r\n                    }, \r\n                    {\r\n                        \"key\": 2, \r\n                        \"value\": \"否\"\r\n                    }\r\n                ]\r\n            }\r\n        }\r\n    ]\r\n}','/images/upload/QQ图片20160229172633.png',2,'2016-02-29 17:27:10','2016-03-14 16:30:55',1,1200,1200,1),('d7798623-debf-11e5-8716-68f728f3bf19','单个图片','<div class=\"c_model css_namespace_xxx\">\r\n	<style>\r\n		\r\n	</style>\r\n	<script class=\"tmpl\" type=\"text/template\">\r\n		<a href=\"${href.value}\" {@if new_open.value==1}target=\"_blank\"{@/if}>\r\n            <img src=\"${bg_imgurl.value}\" alt=\"图片\">      \r\n        </a>\r\n	</script>\r\n	<div class=\"translated c_edit\">\r\n		\r\n	</div>\r\n</div>\r\n\r\n<!--\r\n\r\n{\r\n    \"bg_imgurl\": {\r\n        \"value\": \"/images/upload/QQ图片20160229155512.png\", \r\n        \"type\": \"img\", \r\n        \"title\": \"图片链接\", \r\n        \"height\": 100, \r\n        \"width\": 200, \r\n        \"size\": 30, \r\n        \"input_id\": \"bg_img\", \r\n        \"key\": \"bg_imgurl\"\r\n    }, \r\n    \"href\": {\r\n        \"value\": \"700\", \r\n        \"type\": \"text\", \r\n        \"title\": \"href\", \r\n        \"key\": \"price\"\r\n    },\r\n    \"new_open\": {\r\n        \"value\": \"1\", \r\n        \"type\": \"selection\", \r\n        \"title\": \"是否新窗口打开\", \r\n        \"options\": [\r\n            {\r\n                \"key\": 1, \r\n                \"value\": \"是\"\r\n            }, {\r\n                \"key\": 2, \r\n                \"value\": \"否\"\r\n            }\r\n        ]\r\n    }\r\n}\r\n-->','one_img.html','{\r\n    \"bg_imgurl\": {\r\n        \"value\": \"/images/upload/QQ图片20160229155512.png\", \r\n        \"type\": \"img\", \r\n        \"title\": \"图片链接\", \r\n        \"height\": 100, \r\n        \"width\": 200, \r\n        \"size\": 30, \r\n        \"input_id\": \"bg_img\", \r\n        \"key\": \"bg_imgurl\"\r\n    }, \r\n    \"href\": {\r\n        \"value\": \"700\", \r\n        \"type\": \"text\", \r\n        \"title\": \"href\", \r\n        \"key\": \"price\"\r\n    },\r\n    \"new_open\": {\r\n        \"value\": \"1\", \r\n        \"type\": \"selection\", \r\n        \"title\": \"是否新窗口打开\", \r\n        \"options\": [\r\n            {\r\n                \"key\": 1, \r\n                \"value\": \"是\"\r\n            }, {\r\n                \"key\": 2, \r\n                \"value\": \"否\"\r\n            }\r\n        ]\r\n    }\r\n}','/images/upload/QQ图片20160229162435.png',2,'2016-02-29 16:38:44','2016-02-29 16:44:02',1,1200,1200,3),('fcd6bb4a-e1bd-11e5-9ea9-68f728f3bf19','菜单','<div class=\"c_model css_namespaceabc c_edit\">\r\n	<style>\r\n		.top_box li,.top_link,.top_title{position:relative}.logo_box a,.top_box a,a{text-decoration:none}#foot_div,.top_box{min-width:1200px}#footer .ns_p2 dd a,#footer .ns_p2 dt a,.logo_box a,.logo_box div,.top_box a,.top_box div{font-family:\"微软雅黑\"}#footer a i,.ns_p4 .ns_footer_line i,.top_link ul a em,.top_login_title em{font-style:normal}#footer .ns_p2 .ns_bank li,.logo_box li,.top_box li{list-style:none}body,html{width:100%}.top_box li{z-index:111}.top_red a:hover{color:#e2231a}.top_box{height:38px;background:#000}.top_cont{width:1200px;height:38px;line-height:38px;color:#fff;margin:0 auto}.top_ul{float:left;padding-top:11px;margin-left:-10px}.top_ul li{float:left;height:14px;line-height:14px;padding:0 10px;border-right:1px solid #fff}.top_ul li a{color:#fff;font-size:13px}.top_link ul a em,.top_title{font-size:14px;cursor:pointer}.top_link{width:150px;float:left;z-index:9999}.top_title{height:38px;line-height:38px;padding-left:10px}.top_down,.top_up{width:12px;height:12px;right:68px;top:13px}.top_down,.top_link ul,.top_up{position:absolute}.top_title:hover{color:#e2231a}.top_down{background-position:-211px -25px}.top_up{background-position:-196px -25px}.top_usepng{display:inline-block;background-image:url(http://pic.shop.lenovo.com.cn/g1/M00/00/F0/CmBZD1ZynUyAUnWjAAGn0mxLsoI703.png);background-repeat:no-repeat}.top_link ul{width:156px;border:1px solid #d3d3d3;left:0;top:38px;z-index:9999;padding:8px 0;display:none;background:#fff}.top_link ul li{padding:2px 0}.top_link ul a{display:block;height:31px;line-height:31px;padding-left:12px}.top_link ul a span{width:31px;height:31px;float:left;cursor:pointer}.top_link ul a em{display:inline-block;height:31px;line-height:31px;padding-left:6px;color:#000}.top_link ul a em:hover{color:#e2231a}.top_link ul a .icont_sina{background-position:-3px -269px}.top_link ul a .icont_yyq{background-position:-38px -270px}.top_link ul a .icont_weixin{background-position:-108px -269px}.top_link ul a .icont_tieba{background-position:-209px -269px}.top_link ul a .icont_xqbl{background-position:-176px -269px}.top_link ul a .icont_qzone{background-position:-142px -269px}.top_link ul a .icont_shequ{background-position:-243px -270px;width:32px;height:32px}.top_login{padding-top:11px;cursor:pointer;float:right}.top_login li{float:left;height:14px;line-height:14px;padding:0 10px;border-right:1px solid #fff}.top_login li a{color:#fff;font-size:13px}.top_login_r{width:78px;position:relative;float:right;z-index:9999}.top_login_title img{margin-left:5px;position:absolute;top:8px}.top_login_title{height:38px;line-height:38px;position:relative;cursor:pointer;padding-left:10px;font-size:14px}.top_login_title a{color:#fff}.top_login_title span{font-size:11px;position:absolute;display:inline-block;background-image:url(http://pic.shop.lenovo.com.cn/g1/M00/00/F0/CmBZD1ZynUyAUnWjAAGn0mxLsoI703.png);background-position:-185px -201px;background-repeat:no-repeat;width:19px;height:19px;line-height:18px;padding-left:2px;top:5px;text-align:center}.top_phone ul,.top_prt{right:0;top:38px;z-index:9999;display:none}.top_login_title em:hover{color:#e2231a}.top_prt{width:365px;border:1px solid #d3d3d3;position:absolute;background:#fff}.top_prt ul{max-height:345px;overflow-y:auto;background:#fff}.top_prt ul li{width:345px;float:left;border-bottom:1px solid #e6e6e6;padding-top:15px;padding-bottom:15px}.top_prt_box b,.top_prt_box p{font-size:13px;line-height:18px;padding-top:5px}.top_prt_box{width:310px;margin:0 auto;height:55px}.top_prt_box img{width:70px;height:48px;float:left;margin-right:15px}.top_prt_box p{color:#4b4b4b;float:left;width:167px}.top_prt_box p span{color:#6f7170}.top_prt_box b{color:#4b4b4b;float:right;font-weight:400}.top_prt_box b a{color:#6f7170;float:right}.top_prt_boxa{width:310px;margin:0 auto}.top_prt_boxa p{font-size:12px;color:#4b4b4b;line-height:20px}.top_prt_boxa p em{font-style:normal;color:#e2231a}.top_prt_boxa p span{float:right}.top_login_btn{height:65px;background:#f5f5f5}.top_login_btn h1{font-size:14px;color:#4b4b4b;margin-top:20px;font-weight:400;float:left;margin-left:20px}.top_login_btn h1 span{padding-left:15px}.top_login_btns{width:90px;height:32px;background:#c40b06;float:right;border-radius:3px;text-align:center;margin-top:20px;line-height:32px;margin-right:20px}.top_login_btns a{font-size:17px;color:#fff;line-height:32px}.top_login_btns a:hover{color:#fff}.top_phone{position:relative;float:right;z-index:9999;padding-right:20px}.top_phone:hover{color:#e2231a}.top_phone ul{width:140px;border:1px solid #d3d3d3;position:absolute;background:#fff;padding-top:10px;padding-bottom:10px}.top_phone ul li{line-height:28px;height:28px;text-align:center}.top_phone ul li a{color:#000;font-size:13px}.top_phone ul li a:hover{color:#e2231a}.top_phone_title{height:38px;line-height:38px;position:relative;cursor:pointer;padding-left:10px;font-size:14px}.top_phone_title a{float:right;width:6px;height:4px;line-height:38px;margin-left:5px}.top_downs,.top_ups{position:absolute;top:16px;width:5px;height:5px}.top_downs{background-position:-214px -29px}.top_ups{background-position:-199px -29px}.logo_box li,.logo_text{position:relative}.logo_box li{z-index:111}.logo_box{width:1200px;height:38px;padding-top:30px;margin:0 auto}.logo_box .logo{background:url(http://pic.shop.lenovo.com.cn/g1/M00/00/F0/CmBZD1ZynUyAUnWjAAGn0mxLsoI703.png) -4px -363px no-repeat;width:189px;height:37px;float:left}.logo_text,.logo_text img{float:right}.logo_box .logo a{text-indent:-9999px;display:block}.logo_text input{width:603px;height:35px;border:1px solid #535353;outline:0;font-size:12px;padding:0 10px}.logo_text ul{position:absolute;float:right;top:6px;right:62px}.logo_text ul li{float:left}.logo_text ul li a{font-size:12px;color:#bdbdbd;padding-right:7px;padding-left:7px}.logo_text ul li a:hover{color:#fff;background:#d9d8d6}*{margin:0;padding:0}a{font-size:\"微软雅黑\"}#Services-list{background:#f5f5f5;height:83px}#Services-list .ns_w{width:1200px;margin:0 auto;height:83px}#Services-list li{float:left;text-indent:-99999px;height:0}#footer{background:#fff;color:#000;width:1200px;margin:0 auto}#footer a{color:#6f7170;font-size:12px}#footer a:hover{color:#555}#footer a i{color:#000}#footer .ns_p2{padding-top:10px;height:130px}#footer .ns_p2 .ns_w{padding-bottom:30px}#footer .ns_p2 dl{float:left;height:140px;position:relative;padding-right:148px}#footer .ns_p2 dt a{font-size:14px;color:#000}#footer .ns_p2 dt{line-height:30px;position:relative}#footer .ns_p2 dd a{display:block;line-height:22px;color:#555;font-size:12px}#footer .ns_p2 dd #bank_btn{height:40px}#footer .ns_p2 dd a:hover{color:#000}#footer .ns_p2 .ns_bank{position:absolute;top:101px;left:-60px;width:110px;padding:0 30px;background:#fff;border:1px solid #c4c4c4;z-index:56;display:none}#footer .ns_p2 .ns_bank li a{display:block;border-bottom:1px solid #c4c4c4;height:36px;line-height:36px;text-align:center;color:#434343}#footer .ns_p2 .ns_bank li a:hover{color:#d53127}#footer .ns_p2 .ns_bank .jt_top{display:inline-block;width:16px;height:7px;background:url(icons/jt_top.png);position:absolute;left:50%;top:-7px;margin-left:-8px}.ns_p4{text-align:center}.ns_p4 .ns_w{padding-top:25px;position:relative}.ns_p4 .ns_footer_line{padding:4px 0;color:#6f7170;font-size:12px}.ns_p4 .ns_footer_line span{margin:0 8px;color:#6f7170}.ns_p4 .ns_footer_line em{width:10px;height:13px;margin-right:5px;position:relative;top:2px}.gj_img,.gq_box{position:absolute;right:0;z-index:55}.ns_p4 .ns_footer_line .icon_addr1{background-position:-234px -3px}.ns_p4 .ns_footer_line .icon_addr2{background-position:-248px -3px}.gj_img{text-align:right;top:160px}.gq_box{display:none;width:153px;height:380px;background:#fff;border:1px solid #858585;bottom:22px;overflow-y:auto;overflow-x:hidden}.gq_box ul li{text-align:left;margin:4px}.usepng{display:inline-block;background-image:url(http://pic.shop.lenovo.com.cn/g1/M00/00/F0/CmBZD1ZynUyAUnWjAAGn0mxLsoI703.png);background-repeat:no-repeat}.foot_rz{width:112px;height:41px;background-position:-196px -150px}.ns_box{background:#f5f5f5;padding-bottom:20px}.ns_box a{color:#6f7170;font-size:12px}.ns_box a:hover{color:#555}#b_bit{width:123px;height:19px;background:url(http://pic.shop.lenovo.com.cn/g1/M00/00/F0/CmBZD1ZynUyAUnWjAAGn0mxLsoI703.png) -72px -320px}.floor_label,.myicon{background-image:url(http://pic.shop.lenovo.com.cn/g1/M00/00/F0/CmBZD1ZynUyAUnWjAAGn0mxLsoI703.png)}.floor_item .pro_img img{position:relative;left:0;top:0}body,dd,dl,dt,h1,h2,h3,h4,h5,h6,p,ul{margin:0;padding:0;list-style:none;font-family:arial,\"微软雅黑\",sans-serif;font-size:12px}.clearfix:after{display:block;clear:both;height:0;visibility:hidden;font-size:0;line-height:0;content:\"\"}.clearfix{zoom:1}.myicon{display:inline-block;background-repeat:no-repeat}.nav_box a,.nav_index .ad{text-decoration:none}.nav_box a,.nav_box div{font-family:\"微软雅黑\"}*{margin:0;padding:0}.nav_index{width:1200px;margin:0 auto;height:56px;position:relative}.nav_index .ad{position:absolute;bottom:8px;left:0;width:200px;height:48px;overflow:hidden}.nav_index .ad a{position:absolute;bottom:0;left:0}.nav_box li{list-style:none;position:relative;z-index:111}.nav_box{width:1000px;height:56px;margin:0 auto;padding-left:200px}.nav_box ul{float:left}.nav_box ul li{float:left;padding-right:54px;line-height:56px;position:relative}.nav_box ul li>a{font-size:17px;color:#000;vertical-align:middle;line-height:66px;height:56px;float:left}.nav_hot,.nav_new,.nav_win{top:9px;height:21px;position:absolute}.nav_box ul li span.nav_usepng{margin-left:-5px}.nav_box ul li a:hover{color:#e2231a}.nav_usepng{display:inline-block;background-image:url(http://pic.shop.lenovo.com.cn/g1/M00/00/F0/CmBZD1ZynUyAUnWjAAGn0mxLsoI703.png);background-repeat:no-repeat}.nav_hot{width:32px;background-position:-268px -3px}.nav_win{width:44px;background-position:-267px -27px}.nav_new{width:32px;background-position:-275px -198px}.nav_text{border:1px solid #d3d3d3;padding:10px;position:absolute;text-align:center;width:150px;background:#fff;z-index:333;left:-72px;top:50px;display:none}.nav_text p{height:30px;line-height:30px}.nav_box ul li .nav_text p a{font-size:13px;color:#000}.nav_box ul li .nav_text p a:hover{color:#e2231a}.list_nav a,.list_nav div{font-family:\"微软雅黑\"}.list_cont,.list_nav{border-top:1px solid #e6e6e6}*{margin:0;padding:0}.clearfix:after{display:block;clear:both;height:0;visibility:hidden;font-size:0;line-height:0;content:\"\"}.clearfix{zoom:1}.list_nav{z-index:333}.list_nav li{list-style:none;z-index:111}.list_nav a{text-decoration:none;color:#000}.list_name .list_red,.list_name .list_red_exp{color:#e2231a;background:#f7f7f7}.list_box{width:1200px;margin:0 auto;display:table}.list_nav{width:190px;height:364px;border-left:1px solid #e6e6e6;position:relative;float:left}.list_nm,.list_nm_exp{font-size:17px;position:relative;padding:14px 15px 15px 20px;font-weight:400;display:block;line-height:22px;height:22px}.list_nm{border-bottom:1px solid #e6e6e6;border-right:1px solid #e6e6e6}.list_name .list_red{border-right:none}.list_cont,.list_nm_exp{border-right:1px solid #e6e6e6;border-bottom:1px solid #e6e6e6}.list_icona,.list_iconb{right:15px;top:21px;width:6px;height:9px;position:absolute}.list_usepng{display:inline-block;background-image:url(http://pic.shop.lenovo.com.cn/g1/M00/00/F0/CmBZD1ZynUyAUnWjAAGn0mxLsoI703.png);background-repeat:no-repeat}.list_icona{background-position:-84px -36px}.list_iconb{background-position:-73px -36px}.list_cont{width:934px;height:343px;background:#f7f7f7;position:absolute;left:190px;top:-1px;padding:0 22px 20px 52px;display:none;z-index:333}.list_lt{width:630px;float:left;margin-top:20px}.list_rt{width:252px;float:right;margin-top:17px}.list_rt a{display:block}.list_rt img{width:252px;height:160px;margin-bottom:5px}.list_lta{margin-top:15px}.list_lta p{font-size:13px;color:#000}.list_lta ul{margin-left:55px;border-bottom:1px solid #e5e5e5;width:575px;padding-bottom:5px;padding-top:2px}.list_lta ul li{font-size:12px;float:left;line-height:20px;height:20px;zoom:1}.list_lta ul li a{border-left:1px solid #e5e5e5;padding-left:12px;padding-right:12px;color:#000;white-space:nowrap}.list_lta a:hover{color:#e2231a}@charset \"utf-8\";body,dd,dl,form,h1,h2,h3,h4,h5,h6,input,ol,p,select,td,textarea,th,ul{margin:0;padding:0}em{font-style:normal}li{list-style:none}a{text-decoration:none;color:#000}img{border:none;vertical-align:top}table{border-collapse:collapse}input,textarea{outline:0}textarea{resize:none;overflow:auto}body{font-size:12px;font-family:\"微软雅黑\"}.clear_rx{zoom:1}.clear_rx:after{content:\"\";display:block;clear:both}.fl_rx{float:left}.fr_rx{float:right}.hid_rx{display:none}.wrap1200{width:1200px;margin:0 auto}.back,.floor_cntr,.piece,.piece_cntr,.relative{position:relative}.wapwidth{width:100%}.margintop10{margin-top:10px}.search_box a,.search_box div{font-family:\"微软雅黑\"}*{margin:0;padding:0}::-ms-clear{display:none}.search_box li{list-style:none;position:relative;z-index:111}.search_box a{text-decoration:none}.search_box{width:690px;position:relative}.search_box input{width:603px;height:35px;border:1px solid #535353;outline:0;font-size:12px;padding:0 10px;float:right;line-height:34px}.search_box img{float:right}.search_box ul{position:absolute;float:right;top:11px;right:62px}.search_box ul li{float:left}.search_box ul li a{font-size:12px;color:#bdbdbd;padding-right:7px;padding-left:7px}.search_box ul li a:hover{color:#fff;background:#d9d8d6}.think_search_header img{cursor:pointer}a.serch_box_img{background:url(http://pic.shop.lenovo.com.cn/g1/M00/00/76/CmBZEFZWvNiAUa4zAAAGUlPCg-4527.jpg);display:block;float:right;width:61px;height:37px;cursor:pointer}#suggestContainer{display:none;width:625px;background:#000;left:4px;position:absolute;top:37px;color:#f1f1f1;z-index:10000101}#suggestContainer ul{margin:0;padding:0;float:none;position:static}#suggestContainer li{line-height:30px;height:30px;padding-left:10px;overflow:hidden;white-space:nowrap;text-align:left;cursor:pointer;float:none}#suggestContainer li a{display:block;color:#f1f1f1}#suggestContainer li.hover a,#suggestContainer li.hover a:hover{color:#b32e31}\r\n\r\n	</style>\r\n	<script class=\"tmpl need_remove\" type=\"text/template\">\r\n		<div class=\"list_nav\">\r\n			<ul>\r\n				{@each menutree.zNodes as node1}\r\n					{@if node1.pId==0}\r\n						<li>\r\n							<div class=\"list_name\">\r\n								<a href=\"http://www.lenovo.com.cn/lenovoindex.html\" target=\"_blank\" class=\"list_nm\" style=\"height:10.56px;line-height:10.56px\" latag=\"latag_pc_common_navcategory_1_Lenovo 电脑\">\r\n										${node1.name}\r\n									{@each menutree.zNodes as node2,index}\r\n										{@if node2.pId==node1.id}\r\n											<span class=\"list_usepng list_icona\"></span>\r\n										{@/if}\r\n									{@/each}\r\n								</a>\r\n								<div class=\"list_cont\" style=\"display: none;\">\r\n									<div class=\"list_lt\">\r\n										{@each menutree.zNodes as node2}\r\n											{@if node2.pId==node1.id}\r\n												<div class=\"list_lta\">\r\n													<p><a href=\"http://s.lenovo.com.cn/?index=0&amp;fromhomepage\" latag=\"latag_pc_common_navcategory_11_笔记本\">${node2.name}</a></p>\r\n													<ul class=\"clearfix\">\r\n														{@each menutree.zNodes as node3}\r\n															{@if node3.pId==node2.id}\r\n																<li>\r\n																	<a href=\"http://s.lenovo.com.cn/?index=0&amp;239=011406,011410,011405,011404,011411,011412&amp;fromhomepage\" latag=\"latag_pc_common_navcategory_111_常规笔记本\">${node3.name}</a>\r\n																</li>\r\n															{@/if}\r\n														{@/each}\r\n													</ul>\r\n												</div>\r\n											{@/if}\r\n										{@/each}\r\n									</div>\r\n									<div class=\"list_rt\"></div>\r\n								</div>\r\n							</div>\r\n						</li>\r\n					{@/if}\r\n				{@/each}\r\n			</ul>\r\n		</div>\r\n	</script>\r\n	<div class=\"translated\" style=\"height:365px;\"></div>\r\n	<div class=\"jsurl hid_rx\">/javascripts/model/menu.js</div>\r\n</div>\r\n<!--\r\n\r\n{\r\n	\"menutree\": {\r\n        \"type\": \"tree\", \r\n        \"tree_id\": \"menutree_id\", \r\n        \"add_node_default_info\": {\r\n            \"id\": 1, \r\n            \"pId\": 0, \r\n            \"name\": \"父节点1\", \r\n            \"a_title\": {\r\n                \"value\": \"1f axcf\", \r\n                \"type\": \"text\", \r\n                \"title\": \"标题\"\r\n            }, \r\n            \"new_open\": {\r\n                \"value\": \"1\", \r\n                \"type\": \"selection\", \r\n                \"title\": \"是否新窗口打开\", \r\n                \"options\": [\r\n                    {\r\n                        \"key\": 1, \r\n                        \"value\": \"是\"\r\n                    }, \r\n                    {\r\n                        \"key\": 2, \r\n                        \"value\": \"否\"\r\n                    }\r\n                ]\r\n            }\r\n        }, \r\n        \"zNodes\": [\r\n            {\r\n                \"id\": 1, \r\n                \"pId\": 0, \r\n                \"name\": \"Lenovo电脑\", \r\n                \"open\": true\r\n            }, \r\n	            {\r\n	                \"id\": 11, \r\n	                \"pId\": 1, \r\n	                \"name\": \"笔记本\"\r\n	            },\r\n	            	{\r\n		                \"id\": 111, \r\n		                \"pId\": 11, \r\n		                \"name\": \"常规笔记本\"\r\n		            },\r\n		            {\r\n		                \"id\": 112, \r\n		                \"pId\": 11, \r\n		                \"name\": \"超轻薄笔记本\"\r\n		            },\r\n		            {\r\n		                \"id\": 113, \r\n		                \"pId\": 11, \r\n		                \"name\": \"互联网爆款\"\r\n		            },\r\n		            {\r\n		                \"id\": 114, \r\n		                \"pId\": 11, \r\n		                \"name\": \"游戏本\"\r\n		            },\r\n		            {\r\n		                \"id\": 115, \r\n		                \"pId\": 11, \r\n		                \"name\": \"变形笔记本\"\r\n		            },\r\n	            {\r\n	                \"id\": 12, \r\n	                \"pId\": 1, \r\n	                \"name\": \"笔记本场景\"\r\n	            },\r\n	            	{\r\n		                \"id\": 121, \r\n		                \"pId\": 12, \r\n		                \"name\": \"校园学生\"\r\n		            },\r\n		            {\r\n		                \"id\": 122, \r\n		                \"pId\": 12, \r\n		                \"name\": \"时尚女生\"\r\n		            },\r\n		            {\r\n		                \"id\": 123, \r\n		                \"pId\": 12, \r\n		                \"name\": \"家庭娱乐\"\r\n		            },\r\n		            {\r\n		                \"id\": 124, \r\n		                \"pId\": 12, \r\n		                \"name\": \"商务办公\"\r\n		            },\r\n		            {\r\n		                \"id\": 125, \r\n		                \"pId\": 12, \r\n		                \"name\": \"高清游戏\"\r\n		            },\r\n		            {\r\n		                \"id\": 126, \r\n		                \"pId\": 12, \r\n		                \"name\": \"轻薄便携\"\r\n		            },\r\n            {\r\n                \"id\": 2, \r\n                \"pId\": 0, \r\n                \"name\": \"ThinkPad电脑\", \r\n                \"open\": true\r\n            },\r\n	            {\r\n	                \"id\": 21, \r\n	                \"pId\": 2, \r\n	                \"name\": \"系列\"\r\n	            },\r\n	            {\r\n	                \"id\": 22, \r\n	                \"pId\": 2, \r\n	                \"name\": \"价格\"\r\n	            },\r\n	        {\r\n                \"id\": 3, \r\n                \"pId\": 0, \r\n                \"name\": \"手机号卡\"\r\n            }\r\n        ]\r\n    }\r\n}\r\n\r\n-->','menu.html','{\r\n	\"menutree\": {\r\n        \"type\": \"tree\", \r\n        \"tree_id\": \"menutree_id\", \r\n        \"add_node_default_info\": {\r\n            \"id\": 1, \r\n            \"pId\": 0, \r\n            \"name\": \"父节点1\", \r\n            \"a_title\": {\r\n                \"value\": \"1f axcf\", \r\n                \"type\": \"text\", \r\n                \"title\": \"标题\"\r\n            }, \r\n            \"new_open\": {\r\n                \"value\": \"1\", \r\n                \"type\": \"selection\", \r\n                \"title\": \"是否新窗口打开\", \r\n                \"options\": [\r\n                    {\r\n                        \"key\": 1, \r\n                        \"value\": \"是\"\r\n                    }, \r\n                    {\r\n                        \"key\": 2, \r\n                        \"value\": \"否\"\r\n                    }\r\n                ]\r\n            }\r\n        }, \r\n        \"zNodes\": [\r\n            {\r\n                \"id\": 1, \r\n                \"pId\": 0, \r\n                \"name\": \"Lenovo电脑\", \r\n                \"open\": true\r\n            }, \r\n	            {\r\n	                \"id\": 11, \r\n	                \"pId\": 1, \r\n	                \"name\": \"笔记本\"\r\n	            },\r\n	            	{\r\n		                \"id\": 111, \r\n		                \"pId\": 11, \r\n		                \"name\": \"常规笔记本\"\r\n		            },\r\n		            {\r\n		                \"id\": 112, \r\n		                \"pId\": 11, \r\n		                \"name\": \"超轻薄笔记本\"\r\n		            },\r\n		            {\r\n		                \"id\": 113, \r\n		                \"pId\": 11, \r\n		                \"name\": \"互联网爆款\"\r\n		            },\r\n		            {\r\n		                \"id\": 114, \r\n		                \"pId\": 11, \r\n		                \"name\": \"游戏本\"\r\n		            },\r\n		            {\r\n		                \"id\": 115, \r\n		                \"pId\": 11, \r\n		                \"name\": \"变形笔记本\"\r\n		            },\r\n	            {\r\n	                \"id\": 12, \r\n	                \"pId\": 1, \r\n	                \"name\": \"笔记本场景\"\r\n	            },\r\n	            	{\r\n		                \"id\": 121, \r\n		                \"pId\": 12, \r\n		                \"name\": \"校园学生\"\r\n		            },\r\n		            {\r\n		                \"id\": 122, \r\n		                \"pId\": 12, \r\n		                \"name\": \"时尚女生\"\r\n		            },\r\n		            {\r\n		                \"id\": 123, \r\n		                \"pId\": 12, \r\n		                \"name\": \"家庭娱乐\"\r\n		            },\r\n		            {\r\n		                \"id\": 124, \r\n		                \"pId\": 12, \r\n		                \"name\": \"商务办公\"\r\n		            },\r\n		            {\r\n		                \"id\": 125, \r\n		                \"pId\": 12, \r\n		                \"name\": \"高清游戏\"\r\n		            },\r\n		            {\r\n		                \"id\": 126, \r\n		                \"pId\": 12, \r\n		                \"name\": \"轻薄便携\"\r\n		            },\r\n            {\r\n                \"id\": 2, \r\n                \"pId\": 0, \r\n                \"name\": \"ThinkPad电脑\", \r\n                \"open\": true\r\n            },\r\n	            {\r\n	                \"id\": 21, \r\n	                \"pId\": 2, \r\n	                \"name\": \"系列\"\r\n	            },\r\n	            {\r\n	                \"id\": 22, \r\n	                \"pId\": 2, \r\n	                \"name\": \"价格\"\r\n	            },\r\n	        {\r\n                \"id\": 3, \r\n                \"pId\": 0, \r\n                \"name\": \"手机号卡\"\r\n            }\r\n        ]\r\n    }\r\n}','/images/upload/QQ图片20160304120240.png',2,'2016-03-04 12:03:01','2016-03-08 16:08:27',1,400,400,1);

/*Table structure for table `c_page` */

DROP TABLE IF EXISTS `c_page`;

CREATE TABLE `c_page` (
  `id` char(36) NOT NULL,
  `name` varchar(80) DEFAULT NULL,
  `create_time` datetime DEFAULT NULL,
  PRIMARY KEY (`id`)
) ENGINE=InnoDB DEFAULT CHARSET=utf8;

/*Data for the table `c_page` */

insert  into `c_page`(`id`,`name`,`create_time`) values ('63e3beb0-0b83-11e6-96ed-9dd17edb085e','测试一','2016-04-26 15:49:22');

/*Table structure for table `c_page_block` */

DROP TABLE IF EXISTS `c_page_block`;

CREATE TABLE `c_page_block` (
  `id` char(36) NOT NULL,
  `c_block_id` char(36) DEFAULT NULL,
  `c_page_id` char(36) DEFAULT NULL,
  `order` int(5) DEFAULT NULL,
  `style` varchar(100) DEFAULT NULL,
  `create_time` datetime DEFAULT NULL,
  `last_edit_time` datetime DEFAULT NULL,
  PRIMARY KEY (`id`)
) ENGINE=InnoDB DEFAULT CHARSET=utf8;

/*Data for the table `c_page_block` */

insert  into `c_page_block`(`id`,`c_block_id`,`c_page_id`,`order`,`style`,`create_time`,`last_edit_time`) values ('63ad81a0-0b83-11e6-ad68-68f728f3bf19','f4721a20-df7e-11e5-9e46-796d7959876a','63e3beb0-0b83-11e6-96ed-9dd17edb085e',1,NULL,'2016-04-26 15:49:22','2016-04-26 15:49:22'),('63ae8799-0b83-11e6-ad68-68f728f3bf19','f49d262a-df7e-11e5-b982-68f728f3bf19','63e3beb0-0b83-11e6-96ed-9dd17edb085e',1,NULL,'2016-04-26 15:49:22','2016-04-26 15:49:22');

/*Table structure for table `c_page_blocks` */

DROP TABLE IF EXISTS `c_page_blocks`;

CREATE TABLE `c_page_blocks` (
  `id` char(36) NOT NULL,
  `c_blocks_id` char(36) DEFAULT NULL,
  `c_page_id` char(36) DEFAULT NULL,
  `order` int(5) DEFAULT NULL,
  `style` varchar(100) DEFAULT NULL,
  `create_time` datetime DEFAULT NULL,
  `last_edit_time` datetime DEFAULT NULL,
  PRIMARY KEY (`id`)
) ENGINE=InnoDB DEFAULT CHARSET=utf8;

/*Data for the table `c_page_blocks` */

insert  into `c_page_blocks`(`id`,`c_blocks_id`,`c_page_id`,`order`,`style`,`create_time`,`last_edit_time`) values ('63acd379-0b83-11e6-ad68-68f728f3bf19','f471f311-df7e-11e5-9e46-796d7959876a','63e3beb0-0b83-11e6-96ed-9dd17edb085e',2,NULL,'2016-04-26 15:49:22','2016-04-26 15:49:22'),('63ae449d-0b83-11e6-ad68-68f728f3bf19','f471f310-df7e-11e5-9e46-796d7959876a','63e3beb0-0b83-11e6-96ed-9dd17edb085e',1,NULL,'2016-04-26 15:49:22','2016-04-26 15:49:22');

/*Table structure for table `c_page_floor` */

DROP TABLE IF EXISTS `c_page_floor`;

CREATE TABLE `c_page_floor` (
  `id` char(36) NOT NULL,
  `c_floor_id` char(36) DEFAULT NULL,
  `c_page_id` char(36) DEFAULT NULL,
  `order` int(5) DEFAULT '1',
  `style` varchar(100) DEFAULT 'margin-top:0px!important;margin-bottom:0px!important;',
  `create_time` datetime DEFAULT NULL,
  `last_edit_time` datetime DEFAULT NULL,
  `model_type` int(1) DEFAULT '1' COMMENT '模板类型：1.综合，2.轮播，3.单图，4.其他',
  `term_type` int(1) DEFAULT '1' COMMENT '终端类型：1.PC,2.WAP',
  `query_height` int(5) DEFAULT '0' COMMENT '过滤模板时用，0代表不限高度',
  `query_width` int(5) DEFAULT '1200' COMMENT '过滤模板时用，0代表查询宽度1200及以上的模板',
  PRIMARY KEY (`id`)
) ENGINE=InnoDB DEFAULT CHARSET=utf8;

/*Data for the table `c_page_floor` */

/*Table structure for table `c_page_layout` */

DROP TABLE IF EXISTS `c_page_layout`;

CREATE TABLE `c_page_layout` (
  `id` char(36) NOT NULL,
  `c_layout_id` char(36) DEFAULT NULL,
  `c_page_id` char(36) DEFAULT NULL,
  `project_name` varchar(80) DEFAULT NULL,
  `create_time` datetime DEFAULT NULL,
  `last_edit_time` datetime DEFAULT NULL,
  PRIMARY KEY (`id`)
) ENGINE=InnoDB DEFAULT CHARSET=utf8;

/*Data for the table `c_page_layout` */

insert  into `c_page_layout`(`id`,`c_layout_id`,`c_page_id`,`project_name`,`create_time`,`last_edit_time`) values ('63ac1282-0b83-11e6-ad68-68f728f3bf19','f471cc00-df7e-11e5-9e46-796d7959876a','63e3beb0-0b83-11e6-96ed-9dd17edb085e','一大一小布局','2016-04-26 15:49:22','2016-04-26 15:49:22');

/*Table structure for table `c_user` */

DROP TABLE IF EXISTS `c_user`;

CREATE TABLE `c_user` (
  `id` char(36) NOT NULL,
  `name` varchar(100) DEFAULT NULL,
  `password` varchar(100) DEFAULT NULL,
  `create_time` datetime DEFAULT NULL,
  `status` int(2) DEFAULT '1' COMMENT '1.正常，2.注销',
  PRIMARY KEY (`id`)
) ENGINE=InnoDB DEFAULT CHARSET=utf8;

/*Data for the table `c_user` */

insert  into `c_user`(`id`,`name`,`password`,`create_time`,`status`) values ('11dc7684-effc-11e5-9c4b-68f728f3bf23','chenlan','818b94ca0f7a708e3b195200693e5fa1fde65fd4',NULL,1),('11dc7684-effc-11e5-9c4b-68f728f3bf24','123','123','2016-03-24 17:49:47',2),('50939d10-f1a4-11e5-bd07-edebc856605a','liuy','473f541d08916ce7a4c18cd23cd12cd0515e1fd6','2016-03-24 17:39:33',1),('632974e0-f1a4-11e5-a02b-c51ffdb6a8ea','miny','473f541d08916ce7a4c18cd23cd12cd0515e1fd6','2016-03-24 17:40:04',2),('891786f0-f1a0-11e5-bd07-edebc856605a','chen','818b94ca0f7a708e3b195200693e5fa1fde65fd4','2016-03-24 17:12:30',1),('c8e51670-f1a6-11e5-b76f-9b858f0e95f2','liuyang44','473f541d08916ce7a4c18cd23cd12cd0515e1fd6','2016-03-24 17:57:24',1);

/*Table structure for table `c_user_btns` */

DROP TABLE IF EXISTS `c_user_btns`;

CREATE TABLE `c_user_btns` (
  `id` char(36) NOT NULL,
  `user_id` char(36) DEFAULT NULL,
  `btns_id` char(36) DEFAULT NULL,
  `create_time` datetime DEFAULT NULL,
  PRIMARY KEY (`id`)
) ENGINE=InnoDB DEFAULT CHARSET=utf8;

/*Data for the table `c_user_btns` */

insert  into `c_user_btns`(`id`,`user_id`,`btns_id`,`create_time`) values ('33838202-f0df-11e5-be02-68f728f3bf19','11dc7684-effc-11e5-9c4b-68f728f3bf24','11dc7684-effc-11e5-9c4b-68f728f3bf21','2016-03-23 18:08:33'),('6a2f0409-f1a4-11e5-874c-68f728f3bf19','50939d10-f1a4-11e5-bd07-edebc856605a','11dc7684-effc-11e5-9c4b-68f728f3bf20','2016-03-24 17:40:16'),('819babd2-f4c6-11e5-beb4-68f728f3bf19','11dc7684-effc-11e5-9c4b-68f728f3bf23','02168d50-f4c4-11e5-beb4-68f728f3bf19','2016-03-28 17:21:52'),('a60e28af-f16a-11e5-874c-68f728f3bf19','11dc7684-effc-11e5-9c4b-68f728f3bf23','11dc7684-effc-11e5-9c4b-68f728f3bf19','2016-03-24 10:46:45'),('fb5635b3-f1a6-11e5-874c-68f728f3bf19','50939d10-f1a4-11e5-bd07-edebc856605a','11dc7684-effc-11e5-9c4b-68f728f3bf21','2016-03-24 17:58:38');

/*Table structure for table `c_user_page_model` */

DROP TABLE IF EXISTS `c_user_page_model`;

CREATE TABLE `c_user_page_model` (
  `id` char(36) NOT NULL,
  `user_id` char(36) DEFAULT NULL,
  `page_id` char(36) DEFAULT NULL,
  `model_id` char(36) DEFAULT NULL,
  `create_time` datetime DEFAULT NULL,
  PRIMARY KEY (`id`)
) ENGINE=InnoDB DEFAULT CHARSET=utf8;

/*Data for the table `c_user_page_model` */

insert  into `c_user_page_model`(`id`,`user_id`,`page_id`,`model_id`,`create_time`) values ('16307759-f4c7-11e5-beb4-68f728f3bf19','11dc7684-effc-11e5-9c4b-68f728f3bf23','4552e7d0-df7f-11e5-9e46-796d7959876a','70b72c9b-df8b-11e5-b982-68f728f3bf19','2016-03-28 17:26:01'),('1f9ab341-f4c7-11e5-beb4-68f728f3bf19','11dc7684-effc-11e5-9c4b-68f728f3bf23','4552e7d0-df7f-11e5-9e46-796d7959876a','261ed9bd-deb5-11e5-8716-68f728f3bf19','2016-03-28 17:26:17'),('2146a9b2-f4c7-11e5-beb4-68f728f3bf19','11dc7684-effc-11e5-9c4b-68f728f3bf23','4552e7d0-df7f-11e5-9e46-796d7959876a','d7798623-debf-11e5-8716-68f728f3bf19','2016-03-28 17:26:20'),('6c1df85a-f1a4-11e5-874c-68f728f3bf19','50939d10-f1a4-11e5-bd07-edebc856605a','4552e7d0-df7f-11e5-9e46-796d7959876a','9be916d1-dec6-11e5-8716-68f728f3bf19','2016-03-24 17:40:19'),('9afe0d75-f4b0-11e5-beb4-68f728f3bf19','50939d10-f1a4-11e5-bd07-edebc856605a','4552e7d0-df7f-11e5-9e46-796d7959876a','70b72c9b-df8b-11e5-b982-68f728f3bf19','2016-03-28 14:45:05');

/*Table structure for table `test_product` */

DROP TABLE IF EXISTS `test_product`;

CREATE TABLE `test_product` (
  `id` char(36) NOT NULL,
  `product_name` varchar(80) DEFAULT NULL COMMENT '商品名称',
  `cp_name` varchar(80) DEFAULT NULL COMMENT '产品名称',
  `wl_no` varchar(80) DEFAULT NULL COMMENT '物料编号',
  `cp_no` varchar(80) DEFAULT NULL COMMENT '产品编号',
  `sale_type` int(1) DEFAULT NULL COMMENT '销售类型',
  `term_type` int(1) DEFAULT '1' COMMENT '平台',
  `price` int(9) DEFAULT NULL COMMENT '价格',
  `img_url` varchar(200) DEFAULT NULL COMMENT '图片路径',
  PRIMARY KEY (`id`)
) ENGINE=InnoDB DEFAULT CHARSET=utf8;

/*Data for the table `test_product` */

insert  into `test_product`(`id`,`product_name`,`cp_name`,`wl_no`,`cp_no`,`sale_type`,`term_type`,`price`,`img_url`) values ('12f3849f-e735-11e5-a70c-68f728f3bf19','商品1','产品1','wl10000','cp12000',1,3,669,NULL),('12f63918-e735-11e5-a70c-68f728f3bf19','商品2','产品2','wl10002','cp12002',2,3,692,NULL),('12f89b9c-e735-11e5-a70c-68f728f3bf19','商品3','产品3','wl10003','cp12003',1,3,693,NULL),('12fb3be9-e735-11e5-a70c-68f728f3bf19','商品4','产品4','wl10004','cp12004',1,3,694,NULL),('12fdf11c-e735-11e5-a70c-68f728f3bf19','商品5','产品5','wl10005','cp12005',1,3,695,NULL),('13003260-e735-11e5-a70c-68f728f3bf19','商品6','产品6','wl10006','cp12006',1,3,696,NULL),('13026987-e735-11e5-a70c-68f728f3bf19','商品7','产品7','wl10007','cp12007',1,3,697,NULL),('13049c9c-e735-11e5-a70c-68f728f3bf19','商品8','产品8','wl10008','cp12008',1,3,698,NULL),('1306af6f-e735-11e5-a70c-68f728f3bf19','商品9','产品9','wl10009','cp12009',1,3,699,NULL),('1308a00e-e735-11e5-a70c-68f728f3bf14','商品2','产品22','wlabc','cpabc',1,2,400,NULL),('1308a00e-e735-11e5-a70c-68f728f3bf19','商品10','产品10','wl1000a','cp1200a',1,3,700,NULL);

/*!40101 SET SQL_MODE=@OLD_SQL_MODE */;
/*!40014 SET FOREIGN_KEY_CHECKS=@OLD_FOREIGN_KEY_CHECKS */;
/*!40014 SET UNIQUE_CHECKS=@OLD_UNIQUE_CHECKS */;
/*!40111 SET SQL_NOTES=@OLD_SQL_NOTES */;
