/*
SQLyog Ultimate v11.27 (32 bit)
MySQL - 5.6.24 : Database - cms2
*********************************************************************
*/

/*!40101 SET NAMES utf8 */;

/*!40101 SET SQL_MODE=''*/;

/*!40014 SET @OLD_UNIQUE_CHECKS=@@UNIQUE_CHECKS, UNIQUE_CHECKS=0 */;
/*!40014 SET @OLD_FOREIGN_KEY_CHECKS=@@FOREIGN_KEY_CHECKS, FOREIGN_KEY_CHECKS=0 */;
/*!40101 SET @OLD_SQL_MODE=@@SQL_MODE, SQL_MODE='NO_AUTO_VALUE_ON_ZERO' */;
/*!40111 SET @OLD_SQL_NOTES=@@SQL_NOTES, SQL_NOTES=0 */;
CREATE DATABASE /*!32312 IF NOT EXISTS*/`cms2` /*!40100 DEFAULT CHARACTER SET utf8 */;

USE `cms2`;

/*Table structure for table `c_block` */

DROP TABLE IF EXISTS `c_block`;

CREATE TABLE `c_block` (
  `id` char(36) NOT NULL,
  `content` text,
  `c_blocks_id` char(36) DEFAULT NULL,
  `create_time` datetime DEFAULT NULL,
  `default_order` int(5) DEFAULT NULL COMMENT '块的默认顺序',
  `default_style` varchar(100) DEFAULT NULL,
  PRIMARY KEY (`id`)
) ENGINE=InnoDB DEFAULT CHARSET=utf8;

/*Data for the table `c_block` */

insert  into `c_block`(`id`,`content`,`c_blocks_id`,`create_time`,`default_order`,`default_style`) values ('1561ad81-bcdf-11e5-a880-79053797b1e5','<div class=\"c_block fl_rx h300 c2\"></div>','1561ad80-bcdf-11e5-a880-79053797b1e5','2016-01-17 13:56:42',1,'width:50%!important;'),('1561ad82-bcdf-11e5-a880-79053797b1e5','<div class=\"c_block fl_rx h300 c3\"></div>','1561ad80-bcdf-11e5-a880-79053797b1e5','2016-01-17 13:56:42',2,'width:50%!important;'),('1561ad84-bcdf-11e5-a880-79053797b1e5','<div class=\"c_block h300 c6\"></div>','1561ad83-bcdf-11e5-a880-79053797b1e5','2016-01-17 13:56:42',1,NULL),('1561ad86-bcdf-11e5-a880-79053797b1e5','<div class=\"c_block fl_rx h300 c4\"></div>','1561ad85-bcdf-11e5-a880-79053797b1e5','2016-01-17 13:56:42',1,'width:50%!important;'),('1561ad87-bcdf-11e5-a880-79053797b1e5','<div class=\"c_block fl_rx h300 c5\"></div>','1561ad85-bcdf-11e5-a880-79053797b1e5','2016-01-17 13:56:42',2,'width:50%!important;'),('81d21010-bcdd-11e5-a880-79053797b1e5','<div class=\"c_block fl_rx h300 c2\"></div>','81d1e901-bcdd-11e5-a880-79053797b1e5','2016-01-17 13:45:25',1,'width:33%!important;'),('81d21011-bcdd-11e5-a880-79053797b1e5','<div class=\"c_block fl_rx h300 c3\"></div>','81d1e901-bcdd-11e5-a880-79053797b1e5','2016-01-17 13:45:25',2,'width:33%!important;'),('81d21012-bcdd-11e5-a880-79053797b1e5','<div class=\"c_block fl_rx h300 c4\"></div>','81d1e901-bcdd-11e5-a880-79053797b1e5','2016-01-17 13:45:25',3,'width:33%!important;'),('81d28540-bcdd-11e5-a880-79053797b1e5','<div class=\"c_block fl_rx h300 c15\"></div>','81d21013-bcdd-11e5-a880-79053797b1e5','2016-01-17 13:45:25',1,'width:33%!important;'),('81d28541-bcdd-11e5-a880-79053797b1e5','<div class=\"c_block fl_rx h300 c17\"></div>','81d21013-bcdd-11e5-a880-79053797b1e5','2016-01-17 13:45:25',2,'width:33%!important;'),('81d2ac50-bcdd-11e5-a880-79053797b1e5','<div class=\"c_block fl_rx h300 c18\"></div>','81d21013-bcdd-11e5-a880-79053797b1e5','2016-01-17 13:45:25',3,'width:33%!important;'),('9b03d772-bcde-11e5-a880-79053797b1e5','<div class=\"c_block fl_rx h300 c15\"></div>','9b03d771-bcde-11e5-a880-79053797b1e5','2016-01-17 13:53:17',1,'width:50%!important;'),('9b03d773-bcde-11e5-a880-79053797b1e5','<div class=\"c_block fl_rx h300 c3\"></div>','9b03d771-bcde-11e5-a880-79053797b1e5','2016-01-17 13:53:17',2,'width:50%!important;'),('9c031472-bcdd-11e5-a880-79053797b1e5','<div class=\"c_block fl_rx h300 c2\"></div>','9c031471-bcdd-11e5-a880-79053797b1e5','2016-01-17 13:46:09',1,'width:33%!important;'),('9c031473-bcdd-11e5-a880-79053797b1e5','<div class=\"c_block fl_rx h300 c3\"></div>','9c031471-bcdd-11e5-a880-79053797b1e5','2016-01-17 13:46:09',2,'width:33%!important;'),('9c031474-bcdd-11e5-a880-79053797b1e5','<div class=\"c_block fl_rx h300 c4\"></div>','9c031471-bcdd-11e5-a880-79053797b1e5','2016-01-17 13:46:09',3,'width:33%!important;'),('9c033b80-bcdd-11e5-a880-79053797b1e5','<div class=\"c_block fl_rx h300 c15\"></div>','9c031475-bcdd-11e5-a880-79053797b1e5','2016-01-17 13:46:09',1,'width:33%!important;'),('9c033b81-bcdd-11e5-a880-79053797b1e5','<div class=\"c_block fl_rx h300 c17\"></div>','9c031475-bcdd-11e5-a880-79053797b1e5','2016-01-17 13:46:09',2,'width:33%!important;'),('9c033b82-bcdd-11e5-a880-79053797b1e5','<div class=\"c_block fl_rx h300 c18\"></div>','9c031475-bcdd-11e5-a880-79053797b1e5','2016-01-17 13:46:09',3,'width:33%!important;'),('9c033b84-bcdd-11e5-a880-79053797b1e5','<div class=\"c_block fl_rx h300 c3\"></div>','9c033b83-bcdd-11e5-a880-79053797b1e5','2016-01-17 13:46:09',1,'width:33%!important;'),('9c036290-bcdd-11e5-a880-79053797b1e5','<div class=\"c_block fl_rx h300 c4\"></div>','9c033b83-bcdd-11e5-a880-79053797b1e5','2016-01-17 13:46:09',2,'width:33%!important;'),('9c036291-bcdd-11e5-a880-79053797b1e5','<div class=\"c_block fl_rx h300 c1\"></div>','9c033b83-bcdd-11e5-a880-79053797b1e5','2016-01-17 13:46:09',3,'width:33%!important;'),('da0d2630-bcdc-11e5-a880-79053797b1e5','<div class=\"c_block h300 c18\"></div>','da0cff20-bcdc-11e5-a880-79053797b1e5','2016-01-17 13:40:44',1,NULL),('f9aefd11-bcdc-11e5-a880-79053797b1e5','<div class=\"c_block h300 c18\"></div>','f9aefd10-bcdc-11e5-a880-79053797b1e5','2016-01-17 13:41:37',1,NULL),('f9aefd13-bcdc-11e5-a880-79053797b1e5','<div class=\"c_block fl_rx h300 c2\"></div>','f9aefd12-bcdc-11e5-a880-79053797b1e5','2016-01-17 13:41:37',1,'width:50%!important;'),('f9aefd14-bcdc-11e5-a880-79053797b1e5','<div class=\"c_block fl_rx h300 c3\"></div>','f9aefd12-bcdc-11e5-a880-79053797b1e5','2016-01-17 13:41:37',2,'width:50%!important;');

/*Table structure for table `c_blocks` */

DROP TABLE IF EXISTS `c_blocks`;

CREATE TABLE `c_blocks` (
  `id` char(36) NOT NULL,
  `content` text,
  `c_layout_id` char(36) DEFAULT NULL,
  `create_time` datetime DEFAULT NULL,
  `default_order` int(5) DEFAULT NULL,
  `default_style` varchar(100) DEFAULT NULL,
  PRIMARY KEY (`id`)
) ENGINE=InnoDB DEFAULT CHARSET=utf8;

/*Data for the table `c_blocks` */

insert  into `c_blocks`(`id`,`content`,`c_layout_id`,`create_time`,`default_order`,`default_style`) values ('1561ad80-bcdf-11e5-a880-79053797b1e5','<div class=\"clear_rx blocks_move wrap1200\"></div>','15613850-bcdf-11e5-a880-79053797b1e5','2016-01-17 13:56:42',1,NULL),('1561ad83-bcdf-11e5-a880-79053797b1e5','<div class=\"clear_rx blocks_move wrap1200\"></div>','15613850-bcdf-11e5-a880-79053797b1e5','2016-01-17 13:56:42',2,NULL),('1561ad85-bcdf-11e5-a880-79053797b1e5','<div class=\"clear_rx blocks_move wrap1200\"></div>','15613850-bcdf-11e5-a880-79053797b1e5','2016-01-17 13:56:42',3,NULL),('81d1e901-bcdd-11e5-a880-79053797b1e5','<div class=\"clear_rx blocks_move wrap1200\"></div>','81d1e900-bcdd-11e5-a880-79053797b1e5','2016-01-17 13:45:25',1,NULL),('81d21013-bcdd-11e5-a880-79053797b1e5','<div class=\"clear_rx blocks_move wrap1200\"></div>','81d1e900-bcdd-11e5-a880-79053797b1e5','2016-01-17 13:45:25',2,NULL),('9b03d771-bcde-11e5-a880-79053797b1e5','<div class=\"clear_rx blocks_move wrap1200\"></div>','9b03d770-bcde-11e5-a880-79053797b1e5','2016-01-17 13:53:17',1,NULL),('9c031471-bcdd-11e5-a880-79053797b1e5','<div class=\"clear_rx blocks_move wrap1200\"></div>','9c031470-bcdd-11e5-a880-79053797b1e5','2016-01-17 13:46:09',1,NULL),('9c031475-bcdd-11e5-a880-79053797b1e5','<div class=\"clear_rx blocks_move wrap1200\"></div>','9c031470-bcdd-11e5-a880-79053797b1e5','2016-01-17 13:46:09',2,NULL),('9c033b83-bcdd-11e5-a880-79053797b1e5','<div class=\"clear_rx blocks_move wrap1200\"></div>','9c031470-bcdd-11e5-a880-79053797b1e5','2016-01-17 13:46:09',3,NULL),('da0cff20-bcdc-11e5-a880-79053797b1e5','<div class=\"clear_rx blocks_move wrap1200\"></div>','da0cb100-bcdc-11e5-a880-79053797b1e5','2016-01-17 13:40:44',1,NULL),('f9aefd10-bcdc-11e5-a880-79053797b1e5','<div class=\"clear_rx blocks_move wrap1200\"></div>','f9aed600-bcdc-11e5-a880-79053797b1e5','2016-01-17 13:41:37',1,NULL),('f9aefd12-bcdc-11e5-a880-79053797b1e5','<div class=\"clear_rx blocks_move wrap1200\"></div>','f9aed600-bcdc-11e5-a880-79053797b1e5','2016-01-17 13:41:37',2,NULL);

/*Table structure for table `c_data` */

DROP TABLE IF EXISTS `c_data`;

CREATE TABLE `c_data` (
  `id` char(36) NOT NULL,
  `c_model_id` char(36) DEFAULT NULL,
  `c_floor_id` char(36) DEFAULT NULL,
  `c_floor_model_id` char(72) DEFAULT NULL,
  `data` text,
  `connect_time` datetime DEFAULT NULL COMMENT '建立关联关系的时间，取时间最新的值',
  PRIMARY KEY (`id`)
) ENGINE=InnoDB DEFAULT CHARSET=utf8;

/*Data for the table `c_data` */

insert  into `c_data`(`id`,`c_model_id`,`c_floor_id`,`c_floor_model_id`,`data`,`connect_time`) values ('067cd742-d939-11e5-9939-68f728f3bf19','48c9c146-bdb1-11e5-ba54-68f728f3bf19','e13c72a0-d6e8-11e5-9e36-696ec8180a69','e13c72a0-d6e8-11e5-9e36-696ec8180a6948c9c146-bdb1-11e5-ba54-68f728f3bf19',NULL,'2016-02-22 15:51:04'),('2a3425cf-d939-11e5-9939-68f728f3bf19','8b1ec0c2-d92f-11e5-9939-68f728f3bf19','25a064e0-d939-11e5-8301-83db81537f55','25a064e0-d939-11e5-8301-83db81537f558b1ec0c2-d92f-11e5-9939-68f728f3bf19',NULL,'2016-02-22 15:53:06'),('34a9b66e-d939-11e5-9939-68f728f3bf19','48c9c146-bdb1-11e5-ba54-68f728f3bf19','25a064e0-d939-11e5-8301-83db81537f55','25a064e0-d939-11e5-8301-83db81537f5548c9c146-bdb1-11e5-ba54-68f728f3bf19',NULL,'2016-02-22 17:22:59'),('3d744b46-d939-11e5-9939-68f728f3bf19','1729a8ac-b3a7-11e5-a091-003067b83487','25a064e0-d939-11e5-8301-83db81537f55','25a064e0-d939-11e5-8301-83db81537f551729a8ac-b3a7-11e5-a091-003067b83487',NULL,'2016-02-22 15:52:36'),('43eb0e9e-d939-11e5-9939-68f728f3bf19','7c5dffc7-be7e-11e5-9aeb-68f728f3bf19','25a064e0-d939-11e5-8301-83db81537f55','25a064e0-d939-11e5-8301-83db81537f557c5dffc7-be7e-11e5-9aeb-68f728f3bf19',NULL,'2016-02-22 15:53:05'),('9d83d8bd-dac9-11e5-a881-68f728f3bf19','9355a2a2-dac9-11e5-a881-68f728f3bf19','2521cef0-d6dc-11e5-9e36-696ec8180a69','2521cef0-d6dc-11e5-9e36-696ec8180a699355a2a2-dac9-11e5-a881-68f728f3bf19',NULL,'2016-02-24 16:02:01'),('e32b829a-d92f-11e5-9939-68f728f3bf19','8b1ec0c2-d92f-11e5-9939-68f728f3bf19','c3215810-d6c2-11e5-9073-f5ef7e2e895c','c3215810-d6c2-11e5-9073-f5ef7e2e895c8b1ec0c2-d92f-11e5-9939-68f728f3bf19',NULL,'2016-02-22 15:46:13'),('e565c0c0-d908-11e5-9939-68f728f3bf19','48c9c146-bdb1-11e5-ba54-68f728f3bf19','3e37ddb0-d6ed-11e5-9e36-696ec8180a69','3e37ddb0-d6ed-11e5-9e36-696ec8180a6948c9c146-bdb1-11e5-ba54-68f728f3bf19','{\"floor_name\":{\"value\":\"这里是楼层标题\",\"type\":\"text\",\"title\":\"标题\",\"key\":\"floor_name\"},\"hrefs\":{\"values\":[{\"href\":\"http://www.lenovo.com.cn\",\"type\":\"text\",\"open_new\":\"true\",\"title\":\"去联想\",\"innerhtml\":\"<i class=\\\"icon\\\"></i><span>##val##</span>\",\"order\":\"1\"},{\"href\":\"http://www.baidu.com\",\"type\":\"text\",\"open_new\":\"false\",\"title\":\"默认值1\",\"innerhtml\":\"<span class=\\\"style-red\\\">##val##</span>\",\"order\":\"2\"},{\"href\":\"http://www.sohu.com\",\"type\":\"text\",\"open_new\":\"true\",\"title\":\"默认值2\",\"innerhtml\":\"<i class=\\\"icon\\\"></i><span>##val##</span>\",\"order\":\"3\"}],\"type\":\"list\",\"title\":\"\",\"content\":\"对于list类型来说，提供一个编辑按钮，有增删改的功能\",\"key\":\"hrefs\"},\"zone_item_list\":[{\"zone_id\":\"leftimg\",\"href\":{\"value\":\"http://www.lenovo.com.cn/product/50982.html\",\"type\":\"text\",\"title\":\"链接\",\"key\":\"href\"},\"imgurl\":{\"value\":\"http://pic.shop.lenovo.com.cn/g1/M00/00/7F/CmBZEFZdY9iALGjfAABvbEHIe5s561.jpg\",\"type\":\"text\",\"title\":\"图片链接\",\"key\":\"imgurl\"}},{\"zone_id\":1,\"href\":{\"value\":\"http://www.lenovo.com.cn/product/50828.html\",\"type\":\"text\",\"title\":\"链接\",\"key\":\"href\"},\"imgurl\":{\"value\":\"http://pic.shop.lenovo.com.cn/164/g1/M00/03/9D/CmBZEFY4fFOAGMOiAACVIl7z1UQ956.jpg\",\"type\":\"text\",\"title\":\"图片链接\",\"key\":\"imgurl\"},\"title\":{\"value\":\"标题内容\",\"type\":\"text\",\"title\":\"标题\",\"key\":\"title\"},\"price\":{\"value\":\"4981\",\"type\":\"text\",\"title\":\"价格\",\"key\":\"price\"},\"description\":{\"value\":\"简介简介工夺要工顶替有a\",\"type\":\"text\",\"title\":\"简介\",\"key\":\"description\"},\"ishot\":{\"value\":\"2\",\"type\":\"selection\",\"title\":\"是否热卖\",\"options\":[{\"key\":0,\"value\":\"不显示\"},{\"key\":1,\"value\":\"爆款\"},{\"key\":2,\"value\":\"热卖\"},{\"key\":3,\"value\":\"新品\"},{\"key\":4,\"value\":\"满赠\"},{\"key\":5,\"value\":\"满减\"},{\"key\":6,\"value\":\"直降\"},{\"key\":7,\"value\":\"首发\"},{\"key\":8,\"value\":\"鼎配\"},{\"key\":9,\"value\":\"送\"}],\"key\":\"ishot\"}},{\"zone_id\":2,\"href\":{\"value\":\"http://www.lenovo.com.cn/product/50828.html\",\"type\":\"text\",\"title\":\"链接\",\"key\":\"href\"},\"imgurl\":{\"value\":\"http://pic.shop.lenovo.com.cn/164/g1/M00/03/9D/CmBZEFY4fFOAGMOiAACVIl7z1UQ956.jpg\",\"type\":\"text\",\"title\":\"图片链接\",\"key\":\"imgurl\"},\"title\":{\"value\":\"标题内容\",\"type\":\"text\",\"title\":\"标题\",\"key\":\"title\"},\"price\":{\"value\":\"4982\",\"type\":\"text\",\"title\":\"价格\",\"key\":\"price\"},\"description\":{\"value\":\"外观轻薄简约 多彩时尚机身b\",\"type\":\"text\",\"title\":\"简介\",\"key\":\"description\"},\"ishot\":{\"value\":\"1\",\"type\":\"selection\",\"title\":\"是否热卖\",\"options\":[{\"key\":0,\"value\":\"不显示\"},{\"key\":1,\"value\":\"爆款\"},{\"key\":2,\"value\":\"热卖\"},{\"key\":3,\"value\":\"新品\"},{\"key\":4,\"value\":\"满赠\"},{\"key\":5,\"value\":\"满减\"},{\"key\":6,\"value\":\"直降\"},{\"key\":7,\"value\":\"首发\"},{\"key\":8,\"value\":\"鼎配\"},{\"key\":9,\"value\":\"送\"}],\"key\":\"ishot\"}},{\"zone_id\":3,\"href\":{\"value\":\"http://www.lenovo.com.cn/product/50828.html\",\"type\":\"text\",\"title\":\"链接\"},\"imgurl\":{\"value\":\"http://pic.shop.lenovo.com.cn/164/g1/M00/03/9D/CmBZEFY4fFOAGMOiAACVIl7z1UQ956.jpg\",\"type\":\"text\",\"title\":\"图片链接\"},\"title\":{\"value\":\"标题内容\",\"type\":\"text\",\"title\":\"标题\"},\"price\":{\"value\":4983,\"type\":\"text\",\"title\":\"价格\"},\"description\":{\"value\":\"外观轻薄简约 多彩时尚机身c\",\"type\":\"text\",\"title\":\"简介\"},\"ishot\":{\"value\":\"2\",\"type\":\"selection\",\"title\":\"是否热卖\",\"options\":[{\"key\":0,\"value\":\"不显示\"},{\"key\":1,\"value\":\"爆款\"},{\"key\":2,\"value\":\"热卖\"},{\"key\":3,\"value\":\"新品\"},{\"key\":4,\"value\":\"满赠\"},{\"key\":5,\"value\":\"满减\"},{\"key\":6,\"value\":\"直降\"},{\"key\":7,\"value\":\"首发\"},{\"key\":8,\"value\":\"鼎配\"},{\"key\":9,\"value\":\"送\"}]}},{\"zone_id\":4,\"href\":{\"value\":\"http://www.lenovo.com.cn/product/50828.html\",\"type\":\"text\",\"title\":\"链接\"},\"imgurl\":{\"value\":\"http://pic.shop.lenovo.com.cn/164/g1/M00/03/9D/CmBZEFY4fFOAGMOiAACVIl7z1UQ956.jpg\",\"type\":\"text\",\"title\":\"图片链接\"},\"title\":{\"value\":\"标题内容\",\"type\":\"text\",\"title\":\"标题\"},\"price\":{\"value\":4984,\"type\":\"text\",\"title\":\"价格\"},\"description\":{\"value\":\"外观轻薄简约 多彩时尚机身d\",\"type\":\"text\",\"title\":\"简介\"},\"ishot\":{\"value\":\"3\",\"type\":\"selection\",\"title\":\"是否热卖\",\"options\":[{\"key\":0,\"value\":\"不显示\"},{\"key\":1,\"value\":\"爆款\"},{\"key\":2,\"value\":\"热卖\"},{\"key\":3,\"value\":\"新品\"},{\"key\":4,\"value\":\"满赠\"},{\"key\":5,\"value\":\"满减\"},{\"key\":6,\"value\":\"直降\"},{\"key\":7,\"value\":\"首发\"},{\"key\":8,\"value\":\"鼎配\"},{\"key\":9,\"value\":\"送\"}]}},{\"zone_id\":5,\"href\":{\"value\":\"http://www.lenovo.com.cn/product/50828.html\",\"type\":\"text\",\"title\":\"链接\"},\"imgurl\":{\"value\":\"http://pic.shop.lenovo.com.cn/164/g1/M00/03/9D/CmBZEFY4fFOAGMOiAACVIl7z1UQ956.jpg\",\"type\":\"text\",\"title\":\"图片链接\"},\"title\":{\"value\":\"标题内容\",\"type\":\"text\",\"title\":\"标题\"},\"price\":{\"value\":4985,\"type\":\"text\",\"title\":\"价格\"},\"description\":{\"value\":\"外观轻薄简约 多彩时尚机身e\",\"type\":\"text\",\"title\":\"简介\"},\"ishot\":{\"value\":\"4\",\"type\":\"selection\",\"title\":\"是否热卖\",\"options\":[{\"key\":0,\"value\":\"不显示\"},{\"key\":1,\"value\":\"爆款\"},{\"key\":2,\"value\":\"热卖\"},{\"key\":3,\"value\":\"新品\"},{\"key\":4,\"value\":\"满赠\"},{\"key\":5,\"value\":\"满减\"},{\"key\":6,\"value\":\"直降\"},{\"key\":7,\"value\":\"首发\"},{\"key\":8,\"value\":\"鼎配\"},{\"key\":9,\"value\":\"送\"}]}},{\"zone_id\":6,\"href\":{\"value\":\"http://www.lenovo.com.cn/product/50828.html\",\"type\":\"text\",\"title\":\"链接\",\"key\":\"href\"},\"imgurl\":{\"value\":\"http://pic.shop.lenovo.com.cn/164/g1/M00/03/9D/CmBZEFY4fFOAGMOiAACVIl7z1UQ956.jpg\",\"type\":\"text\",\"title\":\"图片链接\",\"key\":\"imgurl\"},\"title\":{\"value\":\"标题内容\",\"type\":\"text\",\"title\":\"标题\",\"key\":\"title\"},\"price\":{\"value\":\"4986\",\"type\":\"text\",\"title\":\"价格\",\"key\":\"price\"},\"description\":{\"value\":\"外观轻薄简约 多彩时尚机身f\",\"type\":\"text\",\"title\":\"简介\",\"key\":\"description\"},\"ishot\":{\"value\":\"5\",\"type\":\"selection\",\"title\":\"是否热卖\",\"options\":[{\"key\":0,\"value\":\"不显示\"},{\"key\":1,\"value\":\"爆款\"},{\"key\":2,\"value\":\"热卖\"},{\"key\":3,\"value\":\"新品\"},{\"key\":4,\"value\":\"满赠\"},{\"key\":5,\"value\":\"满减\"},{\"key\":6,\"value\":\"直降\"},{\"key\":7,\"value\":\"首发\"},{\"key\":8,\"value\":\"鼎配\"},{\"key\":9,\"value\":\"送\"}],\"key\":\"ishot\"}},{\"zone_id\":7,\"href\":{\"value\":\"http://www.lenovo.com.cn/product/50828.html\",\"type\":\"text\",\"title\":\"链接\"},\"imgurl\":{\"value\":\"http://pic.shop.lenovo.com.cn/164/g1/M00/03/9D/CmBZEFY4fFOAGMOiAACVIl7z1UQ956.jpg\",\"type\":\"text\",\"title\":\"图片链接\"},\"title\":{\"value\":\"标题内容\",\"type\":\"text\",\"title\":\"标题\"},\"price\":{\"value\":4987,\"type\":\"text\",\"title\":\"价格\"},\"description\":{\"value\":\"外观轻薄简约 多彩时尚机身g\",\"type\":\"text\",\"title\":\"简介\"},\"ishot\":{\"value\":\"6\",\"type\":\"selection\",\"title\":\"是否热卖\",\"options\":[{\"key\":0,\"value\":\"不显示\"},{\"key\":1,\"value\":\"爆款\"},{\"key\":2,\"value\":\"热卖\"},{\"key\":3,\"value\":\"新品\"},{\"key\":4,\"value\":\"满赠\"},{\"key\":5,\"value\":\"满减\"},{\"key\":6,\"value\":\"直降\"},{\"key\":7,\"value\":\"首发\"},{\"key\":8,\"value\":\"鼎配\"},{\"key\":9,\"value\":\"送\"}]}},{\"zone_id\":8,\"href\":{\"value\":\"http://www.lenovo.com.cn/product/50828.html\",\"type\":\"text\",\"title\":\"链接\"},\"imgurl\":{\"value\":\"http://pic.shop.lenovo.com.cn/164/g1/M00/03/9D/CmBZEFY4fFOAGMOiAACVIl7z1UQ956.jpg\",\"type\":\"text\",\"title\":\"图片链接\"},\"title\":{\"value\":\"标题内容\",\"type\":\"text\",\"title\":\"标题\"},\"price\":{\"value\":4988,\"type\":\"text\",\"title\":\"价格\"},\"description\":{\"value\":\"外观轻薄简约 多彩时尚机身h\",\"type\":\"text\",\"title\":\"简介\"},\"ishot\":{\"value\":\"7\",\"type\":\"selection\",\"title\":\"是否热卖\",\"options\":[{\"key\":0,\"value\":\"不显示\"},{\"key\":1,\"value\":\"爆款\"},{\"key\":2,\"value\":\"热卖\"},{\"key\":3,\"value\":\"新品\"},{\"key\":4,\"value\":\"满赠\"},{\"key\":5,\"value\":\"满减\"},{\"key\":6,\"value\":\"直降\"},{\"key\":7,\"value\":\"首发\"},{\"key\":8,\"value\":\"鼎配\"},{\"key\":9,\"value\":\"送\"}]}}]}','2016-02-22 10:06:58'),('e7e9224a-d908-11e5-9939-68f728f3bf19','7c5dffc7-be7e-11e5-9aeb-68f728f3bf19','2521cef0-d6dc-11e5-9e36-696ec8180a69','2521cef0-d6dc-11e5-9e36-696ec8180a697c5dffc7-be7e-11e5-9aeb-68f728f3bf19',NULL,'2016-02-24 16:39:40');

/*Table structure for table `c_floor` */

DROP TABLE IF EXISTS `c_floor`;

CREATE TABLE `c_floor` (
  `id` char(36) NOT NULL,
  `content` text,
  `c_block_id` char(36) DEFAULT NULL,
  `create_time` datetime DEFAULT NULL,
  PRIMARY KEY (`id`)
) ENGINE=InnoDB DEFAULT CHARSET=utf8;

/*Data for the table `c_floor` */

insert  into `c_floor`(`id`,`content`,`c_block_id`,`create_time`) values ('2521cef0-d6dc-11e5-9e36-696ec8180a69','<div class=\"c_floor h200 c2\"></div>','f9aefd11-bcdc-11e5-a880-79053797b1e5','2016-02-19 15:41:10'),('25a064e0-d939-11e5-8301-83db81537f55','<div class=\"c_floor h200 c16\"></div>','f9aefd11-bcdc-11e5-a880-79053797b1e5','2016-02-22 15:51:57'),('58041980-c0b7-11e5-95a8-6b297da111d8','<div class=\"c_floor h200 c14\"></div>','9b03d772-bcde-11e5-a880-79053797b1e5','2016-01-22 11:22:19'),('650e1dc0-c0ac-11e5-9215-0fd30b62e28d','<div class=\"c_floor h200 c14\"></div>','da0d2630-bcdc-11e5-a880-79053797b1e5','2016-01-22 10:03:56'),('8fbe7dc0-be82-11e5-b906-0f8ebecfa5f8','<div class=\"c_floor h200 c13\"></div>','da0d2630-bcdc-11e5-a880-79053797b1e5','2016-01-19 15:59:27');

/*Table structure for table `c_generate_html_config` */

DROP TABLE IF EXISTS `c_generate_html_config`;

CREATE TABLE `c_generate_html_config` (
  `id` char(36) NOT NULL,
  `c_page_id` char(36) DEFAULT NULL,
  `c_layout_id` char(36) DEFAULT NULL,
  `edit_page_url` varchar(100) DEFAULT NULL COMMENT '编辑地址',
  `page_url` varchar(100) DEFAULT NULL COMMENT '正式地址',
  `prev_view_url` varchar(100) DEFAULT NULL COMMENT '预览地址',
  `create_time` datetime DEFAULT NULL,
  `last_edit_time` datetime DEFAULT NULL,
  PRIMARY KEY (`id`)
) ENGINE=InnoDB DEFAULT CHARSET=utf8;

/*Data for the table `c_generate_html_config` */

insert  into `c_generate_html_config`(`id`,`c_page_id`,`c_layout_id`,`edit_page_url`,`page_url`,`prev_view_url`,`create_time`,`last_edit_time`) values ('52c3ee14-c0ce-11e5-8337-68f728f3bf19','52ddc610-c0ce-11e5-834a-81c94678ca11','da0cb100-bcdc-11e5-a880-79053797b1e5','/third/third.html','/third/third.html','/third/third.html','2016-01-22 14:06:49','2016-01-22 14:06:49'),('926a900f-c0cd-11e5-8337-68f728f3bf19','9285f770-c0cd-11e5-834a-81c94678ca11','f9aed600-bcdc-11e5-a880-79053797b1e5','/first/first1.html','/first/first.html','/first/first.html','2016-01-22 14:01:26','2016-02-24 16:16:15'),('b36f5963-c0d3-11e5-8337-68f728f3bf19','b377bf30-c0d3-11e5-8717-1b5a0d80752b','81d1e900-bcdd-11e5-a880-79053797b1e5','/b/b.html','/c/c.html','/a/a.html','2016-01-22 14:45:18','2016-01-22 14:45:18'),('c6f9e080-c0cd-11e5-8337-68f728f3bf19','c7152ab0-c0cd-11e5-834a-81c94678ca11','15613850-bcdf-11e5-a880-79053797b1e5','/second/second.html','/second/second.html','/second/second.html','2016-01-22 14:02:54','2016-01-22 14:02:54');

/*Table structure for table `c_layout` */

DROP TABLE IF EXISTS `c_layout`;

CREATE TABLE `c_layout` (
  `id` char(36) NOT NULL,
  `name` varchar(80) DEFAULT NULL,
  `content` text,
  `img_data` varchar(5800) DEFAULT NULL,
  `create_time` datetime DEFAULT NULL,
  `edit_model` text COMMENT '布局的编辑模型',
  `last_edit_time` datetime DEFAULT NULL,
  `valid` int(1) DEFAULT '1' COMMENT '1:合法，2:禁用',
  `type` int(1) DEFAULT '2' COMMENT '1:系统布局，2:用户定义',
  PRIMARY KEY (`id`)
) ENGINE=InnoDB DEFAULT CHARSET=utf8;

/*Data for the table `c_layout` */

insert  into `c_layout`(`id`,`name`,`content`,`img_data`,`create_time`,`edit_model`,`last_edit_time`,`valid`,`type`) values ('15613850-bcdf-11e5-a880-79053797b1e5','五宫格布局','<div class=\"cntr\"></div>','data:image/png;base64,iVBORw0KGgoAAAANSUhEUgAAAMgAAAB4CAYAAAC3kr3rAAAEE0lEQVR4Xu3dobWWZxQFYVCUkA7SQlwawQURR3xkSsAjEdSApAQUJcTHk3VrmE/sdXiu32fdd+Yf/b1+9fDfb9/+/vHwyZ/q3J9vfvmp3vv0Y//49a/XT9589NjLPyaQpkcgjZ9AGr/5tUCaIoE0fvNrgTRFAmn85tcCaYoE0vjNrwXSFAmk8ZtfC6QpEkjjN78WSFMkkMZvfi2Qpkggjd/8WiBNkUAav/m1QJoigTR+82uBNEUCafzm1wJpigTS+M2vBdIUCaTxm18LpCkSSOM3vxZIUySQxm9+LZCmSCCN3/xaIE2RQBq/+bVAmiKBNH7za4E0RQJp/ObXAmmKBNL4za8F0hQJpPGbXwukKRJI4ze/FkhTJJDGb34tkKZIII3f/FogTZFAGr/5tUCaIoE0fvNrgTRFAmn85tcCaYoE0vjNrwXSFAmk8ZtfC6QpEkjjN78WSFMkkMZvfi2Qpkggjd/8WiBNkUAav/m1QJoigTR+82uBNEUCafzm1wJpigTS+M2vBdIUCaTxm18LpCkSSOM3vxZIUzQfyKePH3wnvTm2DgTevnv/6KfNHz328i6BBLummYBAMkIHLhMQyGW73pYJCCQjdOAyAYFctuttmYBAMkIHLhMQyGW73pYJCCQjdOAyAYFctuttmYBAMkIHLhMQyGW73pYJCCQjdOAyAYFctuttmYBAMkIHLhMQyGW73pYJCCQjdOAyAYFctuttmYBAMkIHLhMQyGW73pYJCCQjdOAyAYFctuttmYBAMkIHLhMQyGW73pYJCCQjdOAyAYFctuttmYBAMkIHLhMQyGW73pYJCCQjdOAyAYFctuttmYBAMkIHLhMQyGW73pYJCCQjdOAyAYFctuttmYBAMkIHLhMQyGW73pYJCCQjdOAyAYFctuttmYBAMkIHLhMQyGW73pYJzAfy5d93vpMeNH/9/jmsTf/5/b9HP23+6LEXPQJpP1KBNH4Cafzm1wJpigTS+M2vBdIUCaTxm18LpCkSSOM3vxZIUySQxm9+LZCmSCCN3/xaIE2RQBq/+bVAmiKBNH7za4E0RQJp/ObXAmmKBNL4za8F0hQJpPGbXwukKRJI4ze/FkhTJJDGb34tkKZIII3f/FogTZFAGr/5tUCaIoE0fvNrgTRFAmn85tcCaYoE0vjNrwXSFAmk8ZtfC6QpEkjjN78WSFMkkMZvfi2Qpkggjd/8WiBNkUAav/m1QJoigTR+82uBNEUCafzm1wJpigTS+M2vBdIUCaTxm18LpCkSSOM3vxZIUySQxm9+LZCmSCCN3/xaIE2RQBq/+bVAmiKBNH7za4E0RQJp/ObXAmmKBNL4za8F0hQJpPGbXwukKRJI4ze/FkhTJJDGb34tkKZIII3f/FogTdHTgfwPbuFYl2Obwk8AAAAASUVORK5CYII=','2016-01-17 13:56:42','\n                <div class=\"cntr\">\n                    \n                <div class=\"clear_rx blocks_move wrap1200\"><div class=\"need_remove del_btn\">删除</div><div class=\"c_block fl_rx h300 need_move_width200 c2\"><div class=\"need_remove del_btn\">删除</div></div><div class=\"c_block fl_rx h300 need_move_width200 c3\"><div class=\"need_remove del_btn\">删除</div></div></div><div class=\"clear_rx blocks_move wrap1200\"><div class=\"need_remove del_btn\">删除</div><div class=\"c_block h300 c6\"><div class=\"need_remove del_btn\">删除</div></div></div><div class=\"clear_rx blocks_move wrap1200\"><div class=\"need_remove del_btn\">删除</div><div class=\"c_block fl_rx h300 need_move_width200 c4\"><div class=\"need_remove del_btn\">删除</div></div><div class=\"c_block fl_rx h300 need_move_width200 c5\"><div class=\"need_remove del_btn\">删除</div></div></div></div>\n                <div class=\"hint_info\">请拖动【A,B,C,D】至这里进行编辑(变绿时释放鼠标)</div>\n        	','2016-01-17 13:56:42',1,1),('81d1e900-bcdd-11e5-a880-79053797b1e5','六宫格布局','<div class=\"cntr\"></div>','data:image/png;base64,iVBORw0KGgoAAAANSUhEUgAAAMgAAABQCAYAAABcbTqwAAADtUlEQVR4Xu2dsW0QURQEuYiM1BFdIFEBtSBKgBTRgwMiAmogpAAnCAJqIKUAcAEOVqvdv7I1jvftO488/qef3PUs/PP654d/4cp53dvnN/NniD7Add29fPHjVbRzWnbdvrn5/K7xCFe6FEHSRAt9CCJDRRABFSeIAGka4QSZ4keQKX5hOYIIkHoRBOmxzTQjSIaj2YIgJrhjYwhyDPVDixBkil9YjiACpF4EQXpsM80IkuFotiCICe7YGIIcQ80r1hS1uRxBTHCZMU6QDMdeC4L02ArNCCJAmkYQZIofQab4heUIIkDqRRCkxzbTjCAZjmYLgpjgjo0hyDHU3GJNUZvLEcQElxnjBMlw7LUgSI+t0IwgAqRpBEGm+BFkil9YjiACpF4EQXpsM80IkuFotiCICe7YGIIcQ80t1hS1uRxBTHCZMU6QDMdeC4L02ArNCCJAmkYQZIofQab4heUIIkDqRRCkxzbTjCAZjmYLgpjgjo0hyDHU3GJNUZvLEcQElxnjBMlw7LUgSI+t0IwgAqRpBEGm+BFkil9YjiACpF4EQXpsM80IkuFotiCICe7YGIIcQ80t1hS1uRxBTHCZMU6QDMdeC4L02ArNCCJAmkYQZIofQab4heUIIkDqRRCkxzbTjCAZjmYLgpjgjo0hyDHU3GJNUZvLH5Egv99/fHLfSf/z9wl9Uvz+T/D+08Z33359eUK/1HX76fvXx/GddAQx/wkeHEMQHXb8O+kIosNfJRFEJ48gAitesQRI0wivWFP8CDLFLyxHEAFSL4IgPbaZZgTJcDRbEMQEd2wMQY6hfmgRgkzxC8sRRIDUiyBIj22mGUEyHM0WBDHBHRtDkGOoecWaojaXI4gJLjPGCZLh2GtBkB5boRlBBEjTCIJM8SPIFL+wHEEESL0IgvTYZpoRJMPRbEEQE9yxMQQ5hppbrClqczmCmOAyY5wgGY69FgTpsRWaEUSANI0gyBQ/gkzxC8sRRIDUiyBIj22mGUEyHM0WBDHBHRtDkGOoucWaojaXI4gJLjPGCZLh2GtBkB5boRlBBEjTCIJM8SPIFL+wHEEESL0IgvTYZpoRJMPRbEEQE9yxMQQ5hppbrClqczmCmOAyY5wgGY69FgTpsRWaEUSANI0gyBQ/gkzxC8sRRIDUiyBIj22mGUEyHM0WBDHBHRtDkGOoucWaojaXI4gJLjPGCZLh2GtBkB5boRlBBEjTCIJM8SPIFL+wHEEESL0IgvTYZpoRJMPRbEEQE9yxsZ4g/wHqm9Bv8dhBjwAAAABJRU5ErkJggg==','2016-01-17 13:45:25','\n                <div class=\"cntr\">\n                    \n                <div class=\"clear_rx blocks_move wrap1200\" style=\"\n    /* display: none; */\n\"><div class=\"need_remove del_btn\">删除</div><div class=\"c_block fl_rx h300 need_move_width200 c2\"><div class=\"need_remove del_btn\">删除</div></div><div class=\"c_block fl_rx h300 need_move_width200 c3\"><div class=\"need_remove del_btn\">删除</div></div><div class=\"c_block fl_rx h300 need_move_width200 c4\"><div class=\"need_remove del_btn\">删除</div></div></div><div class=\"clear_rx blocks_move wrap1200\" style=\"\n    /* display: none; */\n\"><div class=\"need_remove del_btn\">删除</div><div class=\"c_block fl_rx h300 need_move_width200 c15\"><div class=\"need_remove del_btn\">删除</div></div><div class=\"c_block fl_rx h300 need_move_width200 c17\"><div class=\"need_remove del_btn\">删除</div></div><div class=\"c_block fl_rx h300 need_move_width200 c18\"><div class=\"need_remove del_btn\">删除</div></div></div></div>\n                <div class=\"hint_info\">请拖动【A,B,C,D】至这里进行编辑(变绿时释放鼠标)</div>\n        	','2016-01-17 13:45:25',1,1),('9b03d770-bcde-11e5-a880-79053797b1e5','中分布局','<div class=\"cntr\"></div>','data:image/png;base64,iVBORw0KGgoAAAANSUhEUgAAAMgAAAAoCAYAAAC7HLUcAAABh0lEQVR4Xu3TwW0CQRREQUiAMJyXScBnzs6NGMjGyDG8ObRE7b2/drpV18vh7/X4/Tt88qPOPb9vH/Xe04+9f/1cT948euz/xwBp8wDS+gOk9TefBqRNBEjrbz4NSJsIkNbffBqQNhEgrb/5NCBtIkBaf/NpQNpEgLT+5tOAtIkAaf3NpwFpEwHS+ptPA9ImAqT1N58GpE0ESOtvPg1ImwiQ1t98GpA2ESCtv/k0IG0iQFp/82lA2kSAtP7m04C0iQBp/c2nAWkTAdL6m08D0iYCpPU3nwakTQRI628+DUibCJDW33wakDYRIK2/+TQgbSJAWn/zaUDaRIC0/ubTgLSJAGn9zacBaRMB0vqbTwPSJgKk9TefBqRNBEjrbz4NSJsIkNbffBqQNhEgrb/5NCBtIkBaf/NpQNpEgLT+5tOAtIkAaf3NpwFpEwHS+ptPA9ImAqT1N58GpE0ESOtvPg1ImwiQ1t98GpA2ESCtv/k0IG0iQFp/82lA2kSAtP7m04C0iU4DeQN4UMgp3PH7cgAAAABJRU5ErkJggg==','2016-01-17 13:53:17','\n                <div class=\"cntr\">\n                    \n                <div class=\"clear_rx blocks_move wrap1200\"><div class=\"need_remove del_btn\">删除</div><div class=\"c_block fl_rx h300 need_move_width200 c15\"><div class=\"need_remove del_btn\">删除</div></div><div class=\"c_block fl_rx h300 need_move_width200 c3\"><div class=\"need_remove del_btn\">删除</div></div></div></div>\n                <div class=\"hint_info\">请拖动【A,B,C,D】至这里进行编辑(变绿时释放鼠标)</div>\n        	','2016-01-17 13:53:17',1,1),('9c031470-bcdd-11e5-a880-79053797b1e5','九宫格布局','<div class=\"cntr\"></div>','data:image/png;base64,iVBORw0KGgoAAAANSUhEUgAAAMgAAAB4CAYAAAC3kr3rAAAFNElEQVR4Xu2dLW5WARBFeQoHsgrLCkhYAQtBEQSWBCxhAbgKgkAQloBkATX8CILFYVkAFN+Em+HO3OmXg56fcm5P5+WZd9ww/7v/5flv88j4uEc3z+I/g/UHOI6LO7c+3bPOjA47zh+cvX7c8SMc7qEI4ibaMA9BZKgIIqDiggiQoiVckCh+BIniF5YjiACprwRB+th6JiOIh2NxCoIUwY21IcgY6qsWIUgUv7AcQQRIfSUI0sfWMxlBPByLUxCkCG6sDUHGUPOIFUVdXI4gRXCeNi6Ih2PfFATpYytMRhABUrQEQaL4ESSKX1iOIAKkvhIE6WPrmYwgHo7FKQhSBDfWhiBjqHmLFUVdXI4gRXCeNi6Ih2PfFATpYytMRhABUrQEQaL4ESSKX1iOIAKkvhIE6WPrmYwgHo7FKQhSBDfWhiBjqHmLFUVdXI4gRXCeNi6Ih2PfFATpYytMRhABUrQEQaL4ESSKX1iOIAKkvhIE6WPrmYwgHo7FKQhSBDfWhiBjqHmLFUVdXI4gRXCeNi6Ih2PfFATpYytMRhABUrQEQaL4ESSKX1iOIAKkvhIE6WPrmYwgHo7FKQhSBDfWhiBjqHmLFUVdXI4gRXCeNi6Ih2PfFATpYytMRhABUrQEQaL4ESSKX1iOIAKkvhIE6WPrmYwgHo7FKQhSBDfWhiBjqHmLFUVdXH6NBPn27MXJfSf9568T+qT45a/g5aeNLz58fXtC/6nj/OXHd9fjO+kIUvwjONiGIDps+3fSEUSHn6pEEJ08ggiseMQSIEVLeMSK4keQKH5hOYIIkPpKEKSPrWcygng4FqcgSBHcWBuCjKG+ahGCRPELyxFEgNRXgiB9bD2TEcTDsTgFQYrgxtoQZAw1j1hR1MXlCFIE52njgng49k1BkD62wmQEESBFSxAkih9BoviF5QgiQOorQZA+tp7JCOLhWJyCIEVwY20IMoaat1hR1MXlCFIE52njgng49k1BkD62wmQEESBFSxAkih9BoviF5QgiQOorQZA+tp7JCOLhWJyCIEVwY20IMoaat1hR1MXlCFIE52njgng49k1BkD62wmQEESBFSxAkih9BoviF5QgiQOorQZA+tp7JCOLhWJyCIEVwY20IMoaat1hR1MXlCFIE52njgng49k1BkD62wmQEESBFSxAkih9BoviF5QgiQOorQZA+tp7JCOLhWJyCIEVwY20IMoaat1hR1MXlCFIE52njgng49k1BkD62wmQEESBFSxAkih9BoviF5QgiQOorQZA+tp7JCOLhWJyCIEVwY23XSJA331+d3HfS79z+PBb1yKLjxsWP909P5jvpx3GcP3xy93p8Jx1BRn7F/28Jgsj87J+BRhCZfa4QQWT2CCKg4hFLgBQs4RErCP/vagQJB/CP9QgSzgdBwgEgyO4AEGR3PlyQcD4IEg6AC7I7AATZnQ8XJJwPgoQD4ILsDgBBdufDBQnngyDhALgguwNAkN35cEHC+SBIOAAuyO4AEGR3PlyQcD4IEg6AC7I7AATZnQ8XJJwPgoQD4ILsDgBBdufDBQnngyDhALgguwNAkN35cEHC+SBIOAAuyO4AEGR3PlyQcD4IEg6AC7I7AATZnQ8XJJwPgoQD4ILsDgBBdufDBQnngyDhALgguwNAkN35cEHC+SBIOAAuyO4AEGR3PlyQcD4IEg6AC7I7AATZnQ8XJJwPgoQD4ILsDgBBdufDBQnngyDhALgguwNAkN35cEHC+SBIOAAuyO4AEGR3PlyQcD4IEg4geEH+AEB1OLW7RWl5AAAAAElFTkSuQmCC','2016-01-17 13:46:09','\n                <div class=\"cntr\">\n                    \n                <div class=\"clear_rx blocks_move wrap1200\" style=\"\n    /* display: none; */\n\"><div class=\"need_remove del_btn\">删除</div><div class=\"c_block fl_rx h300 need_move_width200 c2\"><div class=\"need_remove del_btn\">删除</div></div><div class=\"c_block fl_rx h300 need_move_width200 c3\"><div class=\"need_remove del_btn\">删除</div></div><div class=\"c_block fl_rx h300 need_move_width200 c4\"><div class=\"need_remove del_btn\">删除</div></div></div><div class=\"clear_rx blocks_move wrap1200\" style=\"\n    /* display: none; */\n\"><div class=\"need_remove del_btn\">删除</div><div class=\"c_block fl_rx h300 need_move_width200 c15\"><div class=\"need_remove del_btn\">删除</div></div><div class=\"c_block fl_rx h300 need_move_width200 c17\"><div class=\"need_remove del_btn\">删除</div></div><div class=\"c_block fl_rx h300 need_move_width200 c18\"><div class=\"need_remove del_btn\">删除</div></div></div><div class=\"clear_rx blocks_move wrap1200\"><div class=\"need_remove del_btn\">删除</div><div class=\"c_block fl_rx h300 need_move_width200 c3\"><div class=\"need_remove del_btn\">删除</div></div><div class=\"c_block fl_rx h300 need_move_width200 c4\"><div class=\"need_remove del_btn\">删除</div></div><div class=\"c_block fl_rx h300 need_move_width200 c1\"><div class=\"need_remove del_btn\">删除</div></div></div></div>\n                <div class=\"hint_info\">请拖动【A,B,C,D】至这里进行编辑(变绿时释放鼠标)</div>\n        	','2016-01-17 13:46:09',1,1),('da0cb100-bcdc-11e5-a880-79053797b1e5','一字布局','<div class=\"cntr\"></div>','data:image/png;base64,iVBORw0KGgoAAAANSUhEUgAAAMgAAAAoCAYAAAC7HLUcAAABRklEQVR4Xu3TsQ0CQRQDUa4z2qAWYmqhDToD0cEFN4n1Nv7yymPNcbv4Pe+P78WR4hA4TeD1eR+nj08cXhr2/48gJ6g7yQgQJEMreIEAQRZW1CEjQJAMreAFAgRZWFGHjABBMrSCFwgQZGFFHTICBMnQCl4gQJCFFXXICBAkQyt4gQBBFlbUISNAkAyt4AUCBFlYUYeMAEEytIIXCBBkYUUdMgIEydAKXiBAkIUVdcgIECRDK3iBAEEWVtQhI0CQDK3gBQIEWVhRh4wAQTK0ghcIEGRhRR0yAgTJ0ApeIECQhRV1yAgQJEMreIEAQRZW1CEjQJAMreAFAgRZWFGHjABBMrSCFwgQZGFFHTICBMnQCl4gQJCFFXXICBAkQyt4gQBBFlbUISNAkAyt4AUCBFlYUYeMAEEytIIXCBBkYUUdMgJXC/IDep2gKVX5g6YAAAAASUVORK5CYII=','2016-01-17 13:40:44','\n                <div class=\"cntr\">\n                    \n                <div class=\"clear_rx blocks_move wrap1200\"><div class=\"need_remove del_btn\">删除</div><div class=\"c_block h300 c18\"><div class=\"need_remove del_btn\">删除</div></div></div></div>\n                <div class=\"hint_info\">请拖动【A,B,C,D】至这里进行编辑(变绿时释放鼠标)</div>\n        	','2016-01-17 13:40:44',1,1),('f9aed600-bcdc-11e5-a880-79053797b1e5','品字布局','<div class=\"cntr\"></div>','data:image/png;base64,iVBORw0KGgoAAAANSUhEUgAAAMgAAABQCAYAAABcbTqwAAACyElEQVR4Xu3dsW0UYBAFYRxRAh3QAiltkJIQktsxtdAGPVAQyB2cNLfSavU5vrfWP3MT38uHJ/+9ff3278knnUPgYQK//vx+efjDD3zwqcfe/59AHqDuI2MEBDKG1uELBARywaI3jBEQyBhahy8QEMgFi94wRkAgY2gdvkBAIBcsesMYAYGMoXX4AgGBXLDoDWMEBDKG1uELBARywaI3jBEQyBhahy8QEMgFi94wRkAgY2gdvkBAIBcsesMYAYGMoXX4AgGBXLDoDWMEBDKG1uELBARywaI3jBEQyBhahy8QEMgFi94wRkAgY2gdvkBAIBcsesMYAYGMoXX4AgGBXLDoDWMEBDKG1uELBARywaI3jBEQyBhahy8QEMgFi94wRkAgY2gdvkBAIBcsesMYAYGMoXX4AgGBXLDoDWMEBDKG1uELBARywaI3jBEQyBhahy8QEMgFi94wRkAgY2gdvkBAIBcsesMYgfWBfPn76nfSg/4fHz+Ften3zz+f+tPmTz32rkcg7UsqkMZPII3f+rVAmiKBNH7r1wJpigTS+K1fC6QpEkjjt34tkKZIII3f+rVAmiKBNH7r1wJpigTS+K1fC6QpEkjjt34tkKZIII3f+rVAmiKBNH7r1wJpigTS+K1fC6QpEkjjt34tkKZIII3f+rVAmiKBNH7r1wJpigTS+K1fC6QpEkjjt34tkKZIII3f+rVAmiKBNH7r1wJpigTS+K1fC6QpEkjjt34tkKZIII3f+rVAmiKBNH7r1wJpigTS+K1fC6QpEkjjt34tkKZIII3f+rVAmiKBNH7r1wJpigTS+K1fC6QpEkjjt34tkKZIII3f+rVAmiKBNH7r1wJpigTS+K1fC6QpEkjjt34tkKZIII3f+rVAmiKBNH7r1wJpigTS+K1fC6QpEkjjt34tkKZIII3f+rVAmiKBNH7r1wJpip4dyH/YU0BgaeEmyQAAAABJRU5ErkJggg==','2016-01-17 13:41:37','\n                <div class=\"cntr\">\n                    \n                <div class=\"clear_rx blocks_move wrap1200\"><div class=\"need_remove del_btn\">删除</div><div class=\"c_block h300 c18\"><div class=\"need_remove del_btn\">删除</div></div></div><div class=\"clear_rx blocks_move wrap1200\"><div class=\"need_remove del_btn\">删除</div><div class=\"c_block fl_rx h300 need_move_width200 c2\"><div class=\"need_remove del_btn\">删除</div></div><div class=\"c_block fl_rx h300 need_move_width200 c3\"><div class=\"need_remove del_btn\">删除</div></div></div></div>\n                <div class=\"hint_info\">请拖动【A,B,C,D】至这里进行编辑(变绿时释放鼠标)</div>\n        	','2016-01-17 13:41:37',1,1);

/*Table structure for table `c_model` */

DROP TABLE IF EXISTS `c_model`;

CREATE TABLE `c_model` (
  `id` char(36) NOT NULL,
  `name` varchar(100) DEFAULT NULL,
  `content` text,
  `content_name` varchar(100) DEFAULT NULL,
  `data_model` text,
  `img_url` varchar(100) DEFAULT NULL,
  `render_type` int(1) DEFAULT NULL COMMENT '渲染类型，1.普通html模板，2.juicer模板',
  `create_time` datetime DEFAULT NULL,
  `last_edit_time` datetime DEFAULT NULL,
  `term_type` int(1) DEFAULT NULL COMMENT '终端类型，1.PC，2.WAP',
  `model_height` int(5) DEFAULT NULL COMMENT '模板高度,0代表不限高度',
  `model_width` int(5) DEFAULT NULL COMMENT '模板宽度',
  `model_type` int(1) DEFAULT NULL COMMENT '模板类型，1.综合,2.轮播,3.n宫格，4.其他',
  PRIMARY KEY (`id`)
) ENGINE=InnoDB DEFAULT CHARSET=utf8;

/*Data for the table `c_model` */

insert  into `c_model`(`id`,`name`,`content`,`content_name`,`data_model`,`img_url`,`render_type`,`create_time`,`last_edit_time`,`term_type`,`model_height`,`model_width`,`model_type`) values ('1729a8ac-b3a7-11e5-a091-003067b83487','模板2','<div class=\"c_model\">\r\n	<style>\r\n		.css_namespaceliumeiling ul li{float: left;}\r\n		.css_namespaceliumeiling ul li img{width: 140px;height: 110px;}\r\n	</style>\r\n	<script class=\"tmpl\" type=\"text/template\">\r\n		<ul class=\"clear_rx\">\r\n			{@each model_list as it}\r\n				<li class=\"c_edit\" zone_key=\"${it.zone_key}\"><a href=\"${it.href}\" {@if it.new_open==\"yes\"}target=\"_blank\"{@/if}><img src=\"${it.imgurl}\" alt=\"${it.name}\"></a></li>\r\n			{@/each}\r\n		</ul>\r\n	</script>\r\n	<div class=\"translated css_namespaceliumeiling\"></div>\r\n</div>',NULL,'[\r\n	{imgurl:\'/images/sys/default128X128.jpg\',name:\'默认图片\',href:\"http://www.baidu.com\",new_open:false,zone_key:\"1aa\"},\r\n	{imgurl:\'/images/sys/default128X128.jpg\',name:\'默认图片\',href:\"http://www.sohu.com\",new_open:false,zone_key:\"2cc\"},\r\n	{imgurl:\'/images/sys/default128X128.jpg\',name:\'默认图片\',href:\"http://www.hao123.com\",new_open:true,zone_key:\"3td\"},\r\n	{imgurl:\'/images/sys/default128X128.jpg\',name:\'默认图片\',href:\"http://www.sina.com.cn\",new_open:true,zone_key:\"4eh\"}\r\n]','http://pic.shop.lenovo.com.cn/g1/M00/01/4A/CmBZEFaXWu2Acc00AAF_K3-N-gw384.jpg',2,'2016-01-12 17:40:56','2016-01-12 17:40:58',1,NULL,1200,4),('48c9c146-bdb1-11e5-ba54-68f728f3bf19','楼层左1右8','<div class=\"c_model css_namespace_first\">\r\n	<style type=\"text/css\">\r\n		.css_namespace_first .floor_section{width: 1200px;color: #000;}\r\n		.css_namespace_first .floor_section .floor_title{height: 48px;}\r\n		.css_namespace_first .floor_section .floor_title h3{float: left;height: 48px;line-height: 48px;font-size: 20px;font-weight: normal;width: 240px;}\r\n		.css_namespace_first .floor_section .floor_links{float: right;width: 960px;text-align: right;padding-top: 20px;}\r\n		.css_namespace_first .floor_section .floor_links a{color: #6f7170;margin-left: 12px;}\r\n		.css_namespace_first .floor_img{width: 1200px;}\r\n		.css_namespace_first .floor_left{float: left;width: 240px;height: 535px;overflow: hidden;}\r\n		.css_namespace_first .floor_section a,.css_namespace_first .floor_section a:focus{outline: none!important;text-decoration: none;color: #000;}\r\n		.css_namespace_first .floor_left img{width: 240px;height: 535px;}\r\n		.css_namespace_first .floor_right{float: right;width: 960px;border-top: 1px solid #dedede;}\r\n		.css_namespace_first .floor_item{width: 239px;height: 266px;border-right: 1px solid #dedede;border-bottom: 1px solid #dedede;float: left;position: relative;background: #fff;text-align: center;}\r\n		.css_namespace_first .floor_item .pro_img{overflow: hidden;padding: 12px 0;}\r\n		.css_namespace_first .floor_item a{display: block;}\r\n		.css_namespace_first .floor_item a img{border: 0;vertical-align: top;}\r\n		.css_namespace_first .floor_item .pro_img img{height: 164px;position: relative;top: 0;}\r\n		.css_namespace_first .floor_item .pro_name{font-size: 14px;height: 22px;line-height: 22px;overflow: hidden;padding: 0 14px;}\r\n		.css_namespace_first .floor_item .pro_description{color: #6f7170;height: 20px;line-height: 20px;overflow: hidden;padding: 0 12px;}\r\n		.css_namespace_first .floor_item .pro_price{font-size: 14px;color: #e2231a;height: 22px;line-height: 22px;overflow: hidden;}\r\n		.css_namespace_first .floor_item .floor_label{display: block;width: 54px;height: 54px;position: absolute;top: 0;right: 0;background-image: url(http://pic.shop.lenovo.com.cn/g1/M00/00/F0/CmBZD1ZynUyAUnWjAAGn0mxLsoI703.png);}\r\n		.css_namespace_first .floor_item .floor_label1{background-position: 0 -700px;}\r\n		.css_namespace_first .floor_item .floor_label2{background-position: 0 -760px;}\r\n		.css_namespace_first .floor_item .floor_label3{background-position: 0 -820px;}\r\n		.css_namespace_first .floor_item .floor_label4{background-position: 0 -880px;}\r\n		.css_namespace_first .floor_item .floor_label5{background-position: 0 -940px;}\r\n		.css_namespace_first .floor_item .floor_label6{background-position: 0 -1000px;}\r\n		.css_namespace_first .floor_item .floor_label7{background-position: 0 -1060px;}\r\n		.css_namespace_first .floor_item .floor_label8{background-position: 0 -1120px;}\r\n		.css_namespace_first .floor_item .floor_label9{background-position: 0 -1180px;}\r\n	</style>\r\n\r\n	<script class=\"tmpl\" type=\"text/template\">\r\n		<div class=\"floor_section floor_l1_r8\">\r\n		    <div class=\"floor_title clear_rx\">\r\n		        <h3>\r\n		            ${floor_name.value}\r\n		        </h3>\r\n		        <div class=\"floor_links\">\r\n			    {@each hrefs.values as it}\r\n			            <a {@if it.open_new==\'true\'}target=\"_blank\"{@/if} href=\"${it.href}\"\r\n			            title=\"${it.title}\">\r\n					$${it.innerhtml}\r\n			            </a>\r\n		            {@/each}\r\n		        </div>\r\n		    </div>\r\n		    <div class=\"floor_img clear_rx\">\r\n			{@each zone_item_list as it}\r\n				{@if it.zone_id==\'leftimg\'}\r\n					<div class=\"floor_left c_edit\" edit_type=2 zone_id=\"${it.zone_id}\">\r\n					\r\n						<a target=\"_blank\" href=\"${it.href.value}\"\r\n						    latag=\"latag_home_MD532_9f1edcb1-6b77-4863-8a4b-ef1d77bd3087_p1_goods_code_no_exists\"\r\n						    title=\"\">\r\n							<img width=\"240\" height=\"535\" src=\"${it.imgurl.value}\"\r\n							_src=\"${it.imgurl.value}\"\r\n							alt=\"\" class=\"lazy_img\">\r\n						    </a>\r\n					</div>\r\n				{@/if}\r\n			{@/each}\r\n		        <div class=\"floor_right\">\r\n		        	{@each zone_item_list as it}\r\n					{@if it.zone_id!=\'leftimg\'}\r\n					    <div class=\"floor_item c_edit\" edit_type=2 zone_id=\"${it.zone_id}\">\r\n						<a target=\"_blank\" href=\"${it.href.value}\"\r\n						latag=\"latag_home_MD532_9f1edcb1-6b77-4863-8a4b-ef1d77bd3087_p2_50509\"\r\n						title=\"${it.title.value}\" class=\"pro_img\">\r\n						    <img width=\"164\" height=\"164\" src=\"${it.imgurl.value}\"\r\n						    _src=\"${it.imgurl.value}\"\r\n						    alt=\"${it.title.value}\" class=\"lazy_img\" style=\"left: 0px;\">\r\n						</a>\r\n						<a target=\"_blank\" href=\"${it.href.value}\"\r\n						latag=\"latag_home_MD532_9f1edcb1-6b77-4863-8a4b-ef1d77bd3087_p2_50509\"\r\n						title=\"${it.title.value}\" class=\"pro_name\">\r\n						    ${it.title.value}\r\n						</a>\r\n						<a target=\"_blank\" href=\"${it.href.value}\"\r\n						latag=\"latag_home_MD532_9f1edcb1-6b77-4863-8a4b-ef1d77bd3087_p2_50509\"\r\n						title=\"${it.title.value}\" class=\"pro_description\">\r\n						    ${it.description.value}\r\n						</a>\r\n						<a target=\"_blank\" href=\"${it.href.value}\"\r\n						latag=\"latag_home_MD532_9f1edcb1-6b77-4863-8a4b-ef1d77bd3087_p2_50509\"\r\n						title=\"${it.title.value}\" class=\"pro_price.value\">\r\n						    ${it.price.value}元\r\n						</a>\r\n						<span class=\"{@if it.ishot.value > 0}floor_label floor_label${it.ishot.value}{@/if}\"></span>\r\n					    </div>\r\n					{@/if}\r\n				{@/each}\r\n		        </div>\r\n		    </div>\r\n		</div>\r\n	</script>\r\n\r\n	<div class=\"translated\"></div>\r\n</div>',NULL,'{\r\n    \"floor_name\": {\r\n        \"value\": \"这里是楼层标题\",\r\n        \"type\": \"text\",\r\n        \"title\": \"标题\",\r\n        \"key\": \"floor_name\"\r\n    },\r\n    \"hrefs\": {\r\n        \"values\": [\r\n            {\r\n                \"href\": \"http://www.lenovo.com.cn\",\r\n                \"type\": \"text\",\r\n                \"open_new\": \"true\",\r\n                \"title\": \"去联想\",\r\n                \"innerhtml\": \"<i class=\\\"icon\\\"></i><span>##val##</span>\",\r\n                \"order\": \"1\"\r\n            },\r\n            {\r\n                \"href\": \"http://www.baidu.com\",\r\n                \"type\": \"text\",\r\n                \"open_new\": \"false\",\r\n                \"title\": \"默认值1\",\r\n                \"innerhtml\": \"<span class=\\\"style-red\\\">##val##</span>\",\r\n                \"order\": \"2\"\r\n            },\r\n            {\r\n                \"href\": \"http://www.sohu.com\",\r\n                \"type\": \"text\",\r\n                \"open_new\": \"true\",\r\n                \"title\": \"默认值2\",\r\n                \"innerhtml\": \"<i class=\\\"icon\\\"></i><span>##val##</span>\",\r\n                \"order\": \"3\"\r\n            }\r\n        ],\r\n        \"type\": \"list\",\r\n        \"title\": \"\",\r\n        \"content\": \"对于list类型来说，提供一个编辑按钮，有增删改的功能\",\r\n        \"key\": \"hrefs\"\r\n    },\r\n    \"zone_item_list\": [\r\n	{\r\n	    \"zone_id\":\"leftimg\",\r\n	    \"href\": {\r\n		\"value\": \"http://www.lenovo.com.cn/product/50982.html\",\r\n                \"type\": \"text\",\r\n                \"title\": \"链接\",\r\n                \"key\": \"href\"\r\n	    },\r\n            \"imgurl\": {\r\n                \"value\": \"http://pic.shop.lenovo.com.cn/g1/M00/00/7F/CmBZEFZdY9iALGjfAABvbEHIe5s561.jpg\",\r\n                \"type\": \"text\",\r\n                \"title\": \"图片链接\",\r\n                \"key\": \"imgurl\"\r\n            }\r\n	},\r\n        {\r\n            \"zone_id\": 1,\r\n            \"href\": {\r\n                \"value\": \"http://www.lenovo.com.cn/product/50828.html\",\r\n                \"type\": \"text\",\r\n                \"title\": \"链接\",\r\n                \"key\": \"href\"\r\n            },\r\n            \"imgurl\": {\r\n                \"value\": \"http://pic.shop.lenovo.com.cn/164/g1/M00/03/9D/CmBZEFY4fFOAGMOiAACVIl7z1UQ956.jpg\",\r\n                \"type\": \"text\",\r\n                \"title\": \"图片链接\",\r\n                \"key\": \"imgurl\"\r\n            },\r\n            \"title\": {\r\n                \"value\": \"标题内容\",\r\n                \"type\": \"text\",\r\n                \"title\": \"标题\",\r\n                \"key\": \"title\"\r\n            },\r\n            \"price\": {\r\n                \"value\": \"4981\",\r\n                \"type\": \"text\",\r\n                \"title\": \"价格\",\r\n                \"key\": \"price\"\r\n            },\r\n            \"description\": {\r\n                \"value\": \"简介简介工夺要工顶替有a\",\r\n                \"type\": \"text\",\r\n                \"title\": \"简介\",\r\n                \"key\": \"description\"\r\n            },\r\n            \"ishot\": {\r\n                \"value\": \"0\",\r\n                \"type\": \"selection\",\r\n                \"title\": \"是否热卖\",\r\n                \"options\": [\r\n                    {\r\n                        \"key\": 0,\r\n                        \"value\": \"不显示\"\r\n                    },\r\n                    {\r\n                        \"key\": 1,\r\n                        \"value\": \"爆款\"\r\n                    },\r\n                    {\r\n                        \"key\": 2,\r\n                        \"value\": \"热卖\"\r\n                    },\r\n                    {\r\n                        \"key\": 3,\r\n                        \"value\": \"新品\"\r\n                    },\r\n                    {\r\n                        \"key\": 4,\r\n                        \"value\": \"满赠\"\r\n                    },\r\n                    {\r\n                        \"key\": 5,\r\n                        \"value\": \"满减\"\r\n                    },\r\n                    {\r\n                        \"key\": 6,\r\n                        \"value\": \"直降\"\r\n                    },\r\n                    {\r\n                        \"key\": 7,\r\n                        \"value\": \"首发\"\r\n                    },\r\n                    {\r\n                        \"key\": 8,\r\n                        \"value\": \"鼎配\"\r\n                    },\r\n                    {\r\n                        \"key\": 9,\r\n                        \"value\": \"送\"\r\n                    }\r\n                ],\r\n                \"key\": \"ishot\"\r\n            }\r\n        },\r\n        {\r\n            \"zone_id\": 2,\r\n            \"href\": {\r\n                \"value\": \"http://www.lenovo.com.cn/product/50828.html\",\r\n                \"type\": \"text\",\r\n                \"title\": \"链接\",\r\n                \"key\": \"href\"\r\n            },\r\n            \"imgurl\": {\r\n                \"value\": \"http://pic.shop.lenovo.com.cn/164/g1/M00/03/9D/CmBZEFY4fFOAGMOiAACVIl7z1UQ956.jpg\",\r\n                \"type\": \"text\",\r\n                \"title\": \"图片链接\",\r\n                \"key\": \"imgurl\"\r\n            },\r\n            \"title\": {\r\n                \"value\": \"标题内容\",\r\n                \"type\": \"text\",\r\n                \"title\": \"标题\",\r\n                \"key\": \"title\"\r\n            },\r\n            \"price\": {\r\n                \"value\": \"4982\",\r\n                \"type\": \"text\",\r\n                \"title\": \"价格\",\r\n                \"key\": \"price\"\r\n            },\r\n            \"description\": {\r\n                \"value\": \"外观轻薄简约 多彩时尚机身b\",\r\n                \"type\": \"text\",\r\n                \"title\": \"简介\",\r\n                \"key\": \"description\"\r\n            },\r\n            \"ishot\": {\r\n                \"value\": \"1\",\r\n                \"type\": \"selection\",\r\n                \"title\": \"是否热卖\",\r\n                \"options\": [\r\n                    {\r\n                        \"key\": 0,\r\n                        \"value\": \"不显示\"\r\n                    },\r\n                    {\r\n                        \"key\": 1,\r\n                        \"value\": \"爆款\"\r\n                    },\r\n                    {\r\n                        \"key\": 2,\r\n                        \"value\": \"热卖\"\r\n                    },\r\n                    {\r\n                        \"key\": 3,\r\n                        \"value\": \"新品\"\r\n                    },\r\n                    {\r\n                        \"key\": 4,\r\n                        \"value\": \"满赠\"\r\n                    },\r\n                    {\r\n                        \"key\": 5,\r\n                        \"value\": \"满减\"\r\n                    },\r\n                    {\r\n                        \"key\": 6,\r\n                        \"value\": \"直降\"\r\n                    },\r\n                    {\r\n                        \"key\": 7,\r\n                        \"value\": \"首发\"\r\n                    },\r\n                    {\r\n                        \"key\": 8,\r\n                        \"value\": \"鼎配\"\r\n                    },\r\n                    {\r\n                        \"key\": 9,\r\n                        \"value\": \"送\"\r\n                    }\r\n                ],\r\n                \"key\": \"ishot\"\r\n            }\r\n        },\r\n        {\r\n            \"zone_id\": 3,\r\n            \"href\": {\r\n                \"value\": \"http://www.lenovo.com.cn/product/50828.html\",\r\n                \"type\": \"text\",\r\n                \"title\": \"链接\"\r\n            },\r\n            \"imgurl\": {\r\n                \"value\": \"http://pic.shop.lenovo.com.cn/164/g1/M00/03/9D/CmBZEFY4fFOAGMOiAACVIl7z1UQ956.jpg\",\r\n                \"type\": \"text\",\r\n                \"title\": \"图片链接\"\r\n            },\r\n            \"title\": {\r\n                \"value\": \"标题内容\",\r\n                \"type\": \"text\",\r\n                \"title\": \"标题\"\r\n            },\r\n            \"price\": {\r\n                \"value\": 4983,\r\n                \"type\": \"text\",\r\n                \"title\": \"价格\"\r\n            },\r\n            \"description\": {\r\n                \"value\": \"外观轻薄简约 多彩时尚机身c\",\r\n                \"type\": \"text\",\r\n                \"title\": \"简介\"\r\n            },\r\n            \"ishot\": {\r\n                \"value\": \"2\",\r\n                \"type\": \"selection\",\r\n                \"title\": \"是否热卖\",\r\n                \"options\": [\r\n                    {\r\n                        \"key\": 0,\r\n                        \"value\": \"不显示\"\r\n                    },\r\n                    {\r\n                        \"key\": 1,\r\n                        \"value\": \"爆款\"\r\n                    },\r\n                    {\r\n                        \"key\": 2,\r\n                        \"value\": \"热卖\"\r\n                    },\r\n                    {\r\n                        \"key\": 3,\r\n                        \"value\": \"新品\"\r\n                    },\r\n                    {\r\n                        \"key\": 4,\r\n                        \"value\": \"满赠\"\r\n                    },\r\n                    {\r\n                        \"key\": 5,\r\n                        \"value\": \"满减\"\r\n                    },\r\n                    {\r\n                        \"key\": 6,\r\n                        \"value\": \"直降\"\r\n                    },\r\n                    {\r\n                        \"key\": 7,\r\n                        \"value\": \"首发\"\r\n                    },\r\n                    {\r\n                        \"key\": 8,\r\n                        \"value\": \"鼎配\"\r\n                    },\r\n                    {\r\n                        \"key\": 9,\r\n                        \"value\": \"送\"\r\n                    }\r\n                ]\r\n            }\r\n        },\r\n        {\r\n            \"zone_id\": 4,\r\n            \"href\": {\r\n                \"value\": \"http://www.lenovo.com.cn/product/50828.html\",\r\n                \"type\": \"text\",\r\n                \"title\": \"链接\"\r\n            },\r\n            \"imgurl\": {\r\n                \"value\": \"http://pic.shop.lenovo.com.cn/164/g1/M00/03/9D/CmBZEFY4fFOAGMOiAACVIl7z1UQ956.jpg\",\r\n                \"type\": \"text\",\r\n                \"title\": \"图片链接\"\r\n            },\r\n            \"title\": {\r\n                \"value\": \"标题内容\",\r\n                \"type\": \"text\",\r\n                \"title\": \"标题\"\r\n            },\r\n            \"price\": {\r\n                \"value\": 4984,\r\n                \"type\": \"text\",\r\n                \"title\": \"价格\"\r\n            },\r\n            \"description\": {\r\n                \"value\": \"外观轻薄简约 多彩时尚机身d\",\r\n                \"type\": \"text\",\r\n                \"title\": \"简介\"\r\n            },\r\n            \"ishot\": {\r\n                \"value\": \"3\",\r\n                \"type\": \"selection\",\r\n                \"title\": \"是否热卖\",\r\n                \"options\": [\r\n                    {\r\n                        \"key\": 0,\r\n                        \"value\": \"不显示\"\r\n                    },\r\n                    {\r\n                        \"key\": 1,\r\n                        \"value\": \"爆款\"\r\n                    },\r\n                    {\r\n                        \"key\": 2,\r\n                        \"value\": \"热卖\"\r\n                    },\r\n                    {\r\n                        \"key\": 3,\r\n                        \"value\": \"新品\"\r\n                    },\r\n                    {\r\n                        \"key\": 4,\r\n                        \"value\": \"满赠\"\r\n                    },\r\n                    {\r\n                        \"key\": 5,\r\n                        \"value\": \"满减\"\r\n                    },\r\n                    {\r\n                        \"key\": 6,\r\n                        \"value\": \"直降\"\r\n                    },\r\n                    {\r\n                        \"key\": 7,\r\n                        \"value\": \"首发\"\r\n                    },\r\n                    {\r\n                        \"key\": 8,\r\n                        \"value\": \"鼎配\"\r\n                    },\r\n                    {\r\n                        \"key\": 9,\r\n                        \"value\": \"送\"\r\n                    }\r\n                ]\r\n            }\r\n        },\r\n        {\r\n            \"zone_id\": 5,\r\n            \"href\": {\r\n                \"value\": \"http://www.lenovo.com.cn/product/50828.html\",\r\n                \"type\": \"text\",\r\n                \"title\": \"链接\"\r\n            },\r\n            \"imgurl\": {\r\n                \"value\": \"http://pic.shop.lenovo.com.cn/164/g1/M00/03/9D/CmBZEFY4fFOAGMOiAACVIl7z1UQ956.jpg\",\r\n                \"type\": \"text\",\r\n                \"title\": \"图片链接\"\r\n            },\r\n            \"title\": {\r\n                \"value\": \"标题内容\",\r\n                \"type\": \"text\",\r\n                \"title\": \"标题\"\r\n            },\r\n            \"price\": {\r\n                \"value\": 4985,\r\n                \"type\": \"text\",\r\n                \"title\": \"价格\"\r\n            },\r\n            \"description\": {\r\n                \"value\": \"外观轻薄简约 多彩时尚机身e\",\r\n                \"type\": \"text\",\r\n                \"title\": \"简介\"\r\n            },\r\n            \"ishot\": {\r\n                \"value\": \"4\",\r\n                \"type\": \"selection\",\r\n                \"title\": \"是否热卖\",\r\n                \"options\": [\r\n                    {\r\n                        \"key\": 0,\r\n                        \"value\": \"不显示\"\r\n                    },\r\n                    {\r\n                        \"key\": 1,\r\n                        \"value\": \"爆款\"\r\n                    },\r\n                    {\r\n                        \"key\": 2,\r\n                        \"value\": \"热卖\"\r\n                    },\r\n                    {\r\n                        \"key\": 3,\r\n                        \"value\": \"新品\"\r\n                    },\r\n                    {\r\n                        \"key\": 4,\r\n                        \"value\": \"满赠\"\r\n                    },\r\n                    {\r\n                        \"key\": 5,\r\n                        \"value\": \"满减\"\r\n                    },\r\n                    {\r\n                        \"key\": 6,\r\n                        \"value\": \"直降\"\r\n                    },\r\n                    {\r\n                        \"key\": 7,\r\n                        \"value\": \"首发\"\r\n                    },\r\n                    {\r\n                        \"key\": 8,\r\n                        \"value\": \"鼎配\"\r\n                    },\r\n                    {\r\n                        \"key\": 9,\r\n                        \"value\": \"送\"\r\n                    }\r\n                ]\r\n            }\r\n        },\r\n        {\r\n            \"zone_id\": 6,\r\n            \"href\": {\r\n                \"value\": \"http://www.lenovo.com.cn/product/50828.html\",\r\n                \"type\": \"text\",\r\n                \"title\": \"链接\",\r\n                \"key\": \"href\"\r\n            },\r\n            \"imgurl\": {\r\n                \"value\": \"http://pic.shop.lenovo.com.cn/164/g1/M00/03/9D/CmBZEFY4fFOAGMOiAACVIl7z1UQ956.jpg\",\r\n                \"type\": \"text\",\r\n                \"title\": \"图片链接\",\r\n                \"key\": \"imgurl\"\r\n            },\r\n            \"title\": {\r\n                \"value\": \"标题内容\",\r\n                \"type\": \"text\",\r\n                \"title\": \"标题\",\r\n                \"key\": \"title\"\r\n            },\r\n            \"price\": {\r\n                \"value\": \"4986\",\r\n                \"type\": \"text\",\r\n                \"title\": \"价格\",\r\n                \"key\": \"price\"\r\n            },\r\n            \"description\": {\r\n                \"value\": \"外观轻薄简约 多彩时尚机身f\",\r\n                \"type\": \"text\",\r\n                \"title\": \"简介\",\r\n                \"key\": \"description\"\r\n            },\r\n            \"ishot\": {\r\n                \"value\": \"5\",\r\n                \"type\": \"selection\",\r\n                \"title\": \"是否热卖\",\r\n                \"options\": [\r\n                    {\r\n                        \"key\": 0,\r\n                        \"value\": \"不显示\"\r\n                    },\r\n                    {\r\n                        \"key\": 1,\r\n                        \"value\": \"爆款\"\r\n                    },\r\n                    {\r\n                        \"key\": 2,\r\n                        \"value\": \"热卖\"\r\n                    },\r\n                    {\r\n                        \"key\": 3,\r\n                        \"value\": \"新品\"\r\n                    },\r\n                    {\r\n                        \"key\": 4,\r\n                        \"value\": \"满赠\"\r\n                    },\r\n                    {\r\n                        \"key\": 5,\r\n                        \"value\": \"满减\"\r\n                    },\r\n                    {\r\n                        \"key\": 6,\r\n                        \"value\": \"直降\"\r\n                    },\r\n                    {\r\n                        \"key\": 7,\r\n                        \"value\": \"首发\"\r\n                    },\r\n                    {\r\n                        \"key\": 8,\r\n                        \"value\": \"鼎配\"\r\n                    },\r\n                    {\r\n                        \"key\": 9,\r\n                        \"value\": \"送\"\r\n                    }\r\n                ],\r\n                \"key\": \"ishot\"\r\n            }\r\n        },\r\n        {\r\n            \"zone_id\": 7,\r\n            \"href\": {\r\n                \"value\": \"http://www.lenovo.com.cn/product/50828.html\",\r\n                \"type\": \"text\",\r\n                \"title\": \"链接\"\r\n            },\r\n            \"imgurl\": {\r\n                \"value\": \"http://pic.shop.lenovo.com.cn/164/g1/M00/03/9D/CmBZEFY4fFOAGMOiAACVIl7z1UQ956.jpg\",\r\n                \"type\": \"text\",\r\n                \"title\": \"图片链接\"\r\n            },\r\n            \"title\": {\r\n                \"value\": \"标题内容\",\r\n                \"type\": \"text\",\r\n                \"title\": \"标题\"\r\n            },\r\n            \"price\": {\r\n                \"value\": 4987,\r\n                \"type\": \"text\",\r\n                \"title\": \"价格\"\r\n            },\r\n            \"description\": {\r\n                \"value\": \"外观轻薄简约 多彩时尚机身g\",\r\n                \"type\": \"text\",\r\n                \"title\": \"简介\"\r\n            },\r\n            \"ishot\": {\r\n                \"value\": \"6\",\r\n                \"type\": \"selection\",\r\n                \"title\": \"是否热卖\",\r\n                \"options\": [\r\n                    {\r\n                        \"key\": 0,\r\n                        \"value\": \"不显示\"\r\n                    },\r\n                    {\r\n                        \"key\": 1,\r\n                        \"value\": \"爆款\"\r\n                    },\r\n                    {\r\n                        \"key\": 2,\r\n                        \"value\": \"热卖\"\r\n                    },\r\n                    {\r\n                        \"key\": 3,\r\n                        \"value\": \"新品\"\r\n                    },\r\n                    {\r\n                        \"key\": 4,\r\n                        \"value\": \"满赠\"\r\n                    },\r\n                    {\r\n                        \"key\": 5,\r\n                        \"value\": \"满减\"\r\n                    },\r\n                    {\r\n                        \"key\": 6,\r\n                        \"value\": \"直降\"\r\n                    },\r\n                    {\r\n                        \"key\": 7,\r\n                        \"value\": \"首发\"\r\n                    },\r\n                    {\r\n                        \"key\": 8,\r\n                        \"value\": \"鼎配\"\r\n                    },\r\n                    {\r\n                        \"key\": 9,\r\n                        \"value\": \"送\"\r\n                    }\r\n                ]\r\n            }\r\n        },\r\n        {\r\n            \"zone_id\": 8,\r\n            \"href\": {\r\n                \"value\": \"http://www.lenovo.com.cn/product/50828.html\",\r\n                \"type\": \"text\",\r\n                \"title\": \"链接\"\r\n            },\r\n            \"imgurl\": {\r\n                \"value\": \"http://pic.shop.lenovo.com.cn/164/g1/M00/03/9D/CmBZEFY4fFOAGMOiAACVIl7z1UQ956.jpg\",\r\n                \"type\": \"text\",\r\n                \"title\": \"图片链接\"\r\n            },\r\n            \"title\": {\r\n                \"value\": \"标题内容\",\r\n                \"type\": \"text\",\r\n                \"title\": \"标题\"\r\n            },\r\n            \"price\": {\r\n                \"value\": 4988,\r\n                \"type\": \"text\",\r\n                \"title\": \"价格\"\r\n            },\r\n            \"description\": {\r\n                \"value\": \"外观轻薄简约 多彩时尚机身h\",\r\n                \"type\": \"text\",\r\n                \"title\": \"简介\"\r\n            },\r\n            \"ishot\": {\r\n                \"value\": \"7\",\r\n                \"type\": \"selection\",\r\n                \"title\": \"是否热卖\",\r\n                \"options\": [\r\n                    {\r\n                        \"key\": 0,\r\n                        \"value\": \"不显示\"\r\n                    },\r\n                    {\r\n                        \"key\": 1,\r\n                        \"value\": \"爆款\"\r\n                    },\r\n                    {\r\n                        \"key\": 2,\r\n                        \"value\": \"热卖\"\r\n                    },\r\n                    {\r\n                        \"key\": 3,\r\n                        \"value\": \"新品\"\r\n                    },\r\n                    {\r\n                        \"key\": 4,\r\n                        \"value\": \"满赠\"\r\n                    },\r\n                    {\r\n                        \"key\": 5,\r\n                        \"value\": \"满减\"\r\n                    },\r\n                    {\r\n                        \"key\": 6,\r\n                        \"value\": \"直降\"\r\n                    },\r\n                    {\r\n                        \"key\": 7,\r\n                        \"value\": \"首发\"\r\n                    },\r\n                    {\r\n                        \"key\": 8,\r\n                        \"value\": \"鼎配\"\r\n                    },\r\n                    {\r\n                        \"key\": 9,\r\n                        \"value\": \"送\"\r\n                    }\r\n                ]\r\n            }\r\n        }\r\n    ]\r\n}','http://pic.shop.lenovo.com.cn/g1/M00/01/36/CmBZD1aE4biAVEW7AAEKzgPExeY346.jpg',2,NULL,NULL,1,NULL,1200,3),('51a8d2d1-b0f0-11e5-a998-003067b83487','模板1','<div class=\"c_model\">\r\n	<style>\r\n		.css_namespaceshiyuanyuan ul li{float: left;}\r\n		.css_namespaceshiyuanyuan ul li img{width: 200px;height: 170px;}\r\n	</style>\r\n	<script class=\"tmpl\" type=\"text/template\">\r\n		<ul class=\"clear_rx\">\r\n			{@each model_list as it}\r\n				<li class=\"c_edit\" zone_key=\"${it.zone_key}\"><a href=\"${it.href}\" {@if it.new_open==\"yes\"}target=\"_blank\"{@/if}><img src=\"${it.imgurl}\" alt=\"${it.name}\"></a></li>\r\n			{@/each}\r\n		</ul>\r\n	</script>\r\n	<div class=\"translated css_namespaceshiyuanyuan\"></div>\r\n</div>',NULL,'[\r\n	{imgurl:\'/images/sys/default128X128.jpg\',name:\'默认图片\',href:\"http://www.baidu.com\",new_open:false,zone_key:\"1aa\"},\r\n	{imgurl:\'/images/sys/default128X128.jpg\',name:\'默认图片\',href:\"http://www.sohu.com\",new_open:false,zone_key:\"2cc\"},\r\n	{imgurl:\'/images/sys/default128X128.jpg\',name:\'默认图片\',href:\"http://www.hao123.com\",new_open:true,zone_key:\"3td\"}\r\n]','http://p3.lefile.cn/product/adminweb/2016/02/18/018fafa5-9b86-47c9-9f1e-e5c9d04db0c9.jpg',2,'2016-01-12 17:38:35','2016-01-12 17:38:37',1,NULL,600,4),('7c5dffc7-be7e-11e5-9aeb-68f728f3bf19','轮播图1','<div class=\"c_model css_namespaceabc c_edit\" edit_type=1>\r\n	<style>\r\n		.css_namespaceabc .lunbo_fade{height : 365px;width:770px;overflow:hidden;position:relative;}\r\n\r\n		.css_namespaceabc .lunbo_fade li img{height : 365px;width:770px;}\r\n		\r\n		.css_namespaceabc .lunbo_arrow_btn {background-image: url(http://pic.shop.lenovo.com.cn/g1/M00/00/4B/CmBZD1ZMC-6AKzbpAADV05uCIzQ915.png);background-repeat: no-repeat;cursor:pointer;}\r\n		.css_namespaceabc .lunbo_left_btn {float: left;width: 41px;height: 69px;position: absolute;left: 0px;top: 148px;z-index: 10;background-position: -88px -192px}\r\n		.css_namespaceabc .lunbo_right_btn {float: right;width: 41px;height: 69px;position: absolute;right: 0;top: 148px;z-index: 10;background-position: -130px -192px}\r\n		\r\n	</style>\r\n\r\n	<script class=\"tmpl need_remove\" type=\"text/template\">\r\n		<div class=\"lenovoplugin lunbo_fade\" optp=\'{\"container_width\":770,\"container_height\":365,\"direct\":\"right\",\"dots_show\":true,\"dot_align\":\"center\",\"auto_play\":true,\"move_pause\":true,\"test\":false,\"arrow_btn_show\":true,\"arrow_btn_align\":\"center\"}\'>\r\n			<div class=\"wrap\">\r\n				<ul>\r\n					{@each list as it,index}\r\n						<li {@if index==0}class=\"nohid\"{@/if} >\r\n							<a href=\"${it.href}\" {@if it.open_new==\"true\"}target=\"_blank\"{@/if}>\r\n								<img src=\"${it.imgurl}\" alt=\"\" _src=\"${it.imgurl}\">\r\n							</a>\r\n						</li>\r\n					{@/each}\r\n				</ul>\r\n			</div>\r\n		</div>\r\n	</script>\r\n\r\n	<div class=\"translated\"></div>\r\n</div>',NULL,'{\r\n	list : [\r\n		{\r\n		  imgurl:\'http://pic.shop.lenovo.com.cn/g1/M00/01/4A/CmBZEFaXWu2Acc00AAF_K3-N-gw384.jpg\',\r\n		    href:\'http://www.lenovo.com.cn/stryout/tryhtml/51228.html\',\r\n		    sort:1,\r\n		open_new:false\r\n		},\r\n		{\r\n		  imgurl:\'http://pic.shop.lenovo.com.cn/g1/M00/01/36/CmBZD1aE4biAVEW7AAEKzgPExeY346.jpg\',\r\n		    href:\'http://www.lenovo.com.cn/stryout/tryhtml/51228.html\',\r\n		    sort:2,\r\n		    desc:\'这是一个很牛X的商品\',\r\n		open_new:true\r\n		},\r\n		{\r\n		  imgurl:\'http://pic.shop.lenovo.com.cn/g1/M00/01/51/CmBZEFach9CASdQpAAF7jqqwsQM530.jpg\',\r\n		    href:\'http://www.lenovo.com.cn/stryout/tryhtml/51228.html\',\r\n		    sort:3,\r\n		open_new:false\r\n		}\r\n	]\r\n}','http://p4.lefile.cn/product/adminweb/2016/02/23/79f3c528-783c-4015-998b-712d42749a02.jpg',2,NULL,NULL,1,NULL,1200,2),('9355a2a2-dac9-11e5-a881-68f728f3bf19','普通模板1','<div class=\"c_model css_namespace_xxx\">\r\n	<style>\r\n		.css_namespace_xxx .big{height: 200px;width: 600px;background: #B2B263;color: #fff;padding: 10px;}\r\n		.css_namespace_xxx .cntr{position: relative;}\r\n		.css_namespace_xxx .time{position: absolute;top: 84px;left: 190px;color: #9D5824;font-size: 22px;}\r\n	</style>\r\n	<div class=\"cntr\">\r\n		<div class=\"big\">\r\n			<p>好爽~</p>\r\n			<p>对于普通模板来说，只需要写自己的CSS，HTML，及JS就行了</p>\r\n			<p>不用担心样式冲突，上面的css_namespace_xxx会自动被id替换掉</p>\r\n		</div>\r\n		<div class=\"time\"></div>\r\n	</div>\r\n	<div class=\"jsurl hid_rx\">/javascripts/model/test.js</div>\r\n</div>','test.html','','/images/upload/770X365_6.jpg',1,'2016-02-24 15:38:20','2016-02-24 16:32:33',1,1200,1200,1);

/*Table structure for table `c_page` */

DROP TABLE IF EXISTS `c_page`;

CREATE TABLE `c_page` (
  `id` char(36) NOT NULL,
  `name` varchar(80) DEFAULT NULL,
  `create_time` datetime DEFAULT NULL,
  PRIMARY KEY (`id`)
) ENGINE=InnoDB DEFAULT CHARSET=utf8;

/*Data for the table `c_page` */

insert  into `c_page`(`id`,`name`,`create_time`) values ('52ddc610-c0ce-11e5-834a-81c94678ca11','页面三','2016-01-22 14:06:49'),('9285f770-c0cd-11e5-834a-81c94678ca11','页面一','2016-01-22 14:01:26'),('b377bf30-c0d3-11e5-8717-1b5a0d80752b','页面五','2016-01-22 14:45:18'),('c7152ab0-c0cd-11e5-834a-81c94678ca11','页面二','2016-01-22 14:02:54');

/*Table structure for table `c_page_block` */

DROP TABLE IF EXISTS `c_page_block`;

CREATE TABLE `c_page_block` (
  `id` char(36) NOT NULL,
  `c_block_id` char(36) DEFAULT NULL,
  `c_page_id` char(36) DEFAULT NULL,
  `order` int(5) DEFAULT NULL,
  `style` varchar(100) DEFAULT NULL,
  `create_time` datetime DEFAULT NULL,
  `last_edit_time` datetime DEFAULT NULL,
  PRIMARY KEY (`id`)
) ENGINE=InnoDB DEFAULT CHARSET=utf8;

/*Data for the table `c_page_block` */

insert  into `c_page_block`(`id`,`c_block_id`,`c_page_id`,`order`,`style`,`create_time`,`last_edit_time`) values ('52c47437-c0ce-11e5-8337-68f728f3bf19','da0d2630-bcdc-11e5-a880-79053797b1e5','52ddc610-c0ce-11e5-834a-81c94678ca11',1,NULL,'2016-01-22 14:06:49','2016-01-22 14:06:49'),('926b43d7-c0cd-11e5-8337-68f728f3bf19','f9aefd11-bcdc-11e5-a880-79053797b1e5','9285f770-c0cd-11e5-834a-81c94678ca11',1,'width:1200px!important;margin-left:0px!important;margin-right:0px!important;','2016-01-22 14:01:26','2016-01-22 14:01:26'),('926c7a37-c0cd-11e5-8337-68f728f3bf19','f9aefd13-bcdc-11e5-a880-79053797b1e5','9285f770-c0cd-11e5-834a-81c94678ca11',1,NULL,'2016-01-22 14:01:26','2016-01-22 14:01:26'),('926eac6d-c0cd-11e5-8337-68f728f3bf19','f9aefd14-bcdc-11e5-a880-79053797b1e5','9285f770-c0cd-11e5-834a-81c94678ca11',2,NULL,'2016-01-22 14:01:26','2016-01-22 14:01:26'),('b370ed98-c0d3-11e5-8337-68f728f3bf19','81d21010-bcdd-11e5-a880-79053797b1e5','b377bf30-c0d3-11e5-8717-1b5a0d80752b',1,NULL,'2016-01-22 14:45:18','2016-01-22 14:45:18'),('b37248ab-c0d3-11e5-8337-68f728f3bf19','81d21011-bcdd-11e5-a880-79053797b1e5','b377bf30-c0d3-11e5-8717-1b5a0d80752b',2,NULL,'2016-01-22 14:45:18','2016-01-22 14:45:18'),('b373ba3d-c0d3-11e5-8337-68f728f3bf19','81d21012-bcdd-11e5-a880-79053797b1e5','b377bf30-c0d3-11e5-8717-1b5a0d80752b',3,NULL,'2016-01-22 14:45:18','2016-01-22 14:45:18'),('b374b145-c0d3-11e5-8337-68f728f3bf19','81d28540-bcdd-11e5-a880-79053797b1e5','b377bf30-c0d3-11e5-8717-1b5a0d80752b',1,NULL,'2016-01-22 14:45:18','2016-01-22 14:45:18'),('b375980f-c0d3-11e5-8337-68f728f3bf19','81d28541-bcdd-11e5-a880-79053797b1e5','b377bf30-c0d3-11e5-8717-1b5a0d80752b',2,NULL,'2016-01-22 14:45:18','2016-01-22 14:45:18'),('b3768c58-c0d3-11e5-8337-68f728f3bf19','81d2ac50-bcdd-11e5-a880-79053797b1e5','b377bf30-c0d3-11e5-8717-1b5a0d80752b',3,NULL,'2016-01-22 14:45:18','2016-01-22 14:45:18'),('c6fa7ee9-c0cd-11e5-8337-68f728f3bf19','1561ad81-bcdf-11e5-a880-79053797b1e5','c7152ab0-c0cd-11e5-834a-81c94678ca11',1,NULL,'2016-01-22 14:02:54','2016-01-22 14:02:54'),('c6fbcb89-c0cd-11e5-8337-68f728f3bf19','1561ad82-bcdf-11e5-a880-79053797b1e5','c7152ab0-c0cd-11e5-834a-81c94678ca11',2,NULL,'2016-01-22 14:02:54','2016-01-22 14:02:54'),('c6fcaf27-c0cd-11e5-8337-68f728f3bf19','1561ad84-bcdf-11e5-a880-79053797b1e5','c7152ab0-c0cd-11e5-834a-81c94678ca11',1,NULL,'2016-01-22 14:02:54','2016-01-22 14:02:54'),('c6fdbf1d-c0cd-11e5-8337-68f728f3bf19','1561ad86-bcdf-11e5-a880-79053797b1e5','c7152ab0-c0cd-11e5-834a-81c94678ca11',1,NULL,'2016-01-22 14:02:54','2016-01-22 14:02:54'),('c6fec0ec-c0cd-11e5-8337-68f728f3bf19','1561ad87-bcdf-11e5-a880-79053797b1e5','c7152ab0-c0cd-11e5-834a-81c94678ca11',2,NULL,'2016-01-22 14:02:54','2016-01-22 14:02:54');

/*Table structure for table `c_page_blocks` */

DROP TABLE IF EXISTS `c_page_blocks`;

CREATE TABLE `c_page_blocks` (
  `id` char(36) NOT NULL,
  `c_blocks_id` char(36) DEFAULT NULL,
  `c_page_id` char(36) DEFAULT NULL,
  `order` int(5) DEFAULT NULL,
  `style` varchar(100) DEFAULT NULL,
  `create_time` datetime DEFAULT NULL,
  `last_edit_time` datetime DEFAULT NULL,
  PRIMARY KEY (`id`)
) ENGINE=InnoDB DEFAULT CHARSET=utf8;

/*Data for the table `c_page_blocks` */

insert  into `c_page_blocks`(`id`,`c_blocks_id`,`c_page_id`,`order`,`style`,`create_time`,`last_edit_time`) values ('52c46a5d-c0ce-11e5-8337-68f728f3bf19','da0cff20-bcdc-11e5-a880-79053797b1e5','52ddc610-c0ce-11e5-834a-81c94678ca11',1,NULL,'2016-01-22 14:06:49','2016-01-22 14:06:49'),('926b3726-c0cd-11e5-8337-68f728f3bf19','f9aefd10-bcdc-11e5-a880-79053797b1e5','9285f770-c0cd-11e5-834a-81c94678ca11',1,'width:px!important;margin-top:px!important;margin-bottom:px!important;','2016-01-22 14:01:26','2016-01-22 14:01:26'),('926c6cd4-c0cd-11e5-8337-68f728f3bf19','f9aefd12-bcdc-11e5-a880-79053797b1e5','9285f770-c0cd-11e5-834a-81c94678ca11',2,NULL,'2016-01-22 14:01:26','2016-01-22 14:01:26'),('b37163f1-c0d3-11e5-8337-68f728f3bf19','81d1e901-bcdd-11e5-a880-79053797b1e5','b377bf30-c0d3-11e5-8717-1b5a0d80752b',1,NULL,'2016-01-22 14:45:18','2016-01-22 14:45:18'),('b37294fb-c0d3-11e5-8337-68f728f3bf19','81d21013-bcdd-11e5-a880-79053797b1e5','b377bf30-c0d3-11e5-8717-1b5a0d80752b',2,NULL,'2016-01-22 14:45:18','2016-01-22 14:45:18'),('c6fac118-c0cd-11e5-8337-68f728f3bf19','1561ad80-bcdf-11e5-a880-79053797b1e5','c7152ab0-c0cd-11e5-834a-81c94678ca11',1,NULL,'2016-01-22 14:02:54','2016-01-22 14:02:54'),('c6fbd816-c0cd-11e5-8337-68f728f3bf19','1561ad83-bcdf-11e5-a880-79053797b1e5','c7152ab0-c0cd-11e5-834a-81c94678ca11',2,NULL,'2016-01-22 14:02:54','2016-01-22 14:02:54'),('c6fd58f1-c0cd-11e5-8337-68f728f3bf19','1561ad85-bcdf-11e5-a880-79053797b1e5','c7152ab0-c0cd-11e5-834a-81c94678ca11',3,NULL,'2016-01-22 14:02:54','2016-01-22 14:02:54');

/*Table structure for table `c_page_floor` */

DROP TABLE IF EXISTS `c_page_floor`;

CREATE TABLE `c_page_floor` (
  `id` char(36) NOT NULL,
  `c_floor_id` char(36) DEFAULT NULL,
  `c_page_id` char(36) DEFAULT NULL,
  `order` int(5) DEFAULT '1',
  `style` varchar(100) DEFAULT 'margin-top:0px!important;margin-bottom:0px!important;',
  `create_time` datetime DEFAULT NULL,
  `last_edit_time` datetime DEFAULT NULL,
  `model_type` int(1) DEFAULT '1' COMMENT '模板类型：1.综合，2.轮播，3.单图，4.其他',
  `term_type` int(1) DEFAULT '1' COMMENT '终端类型：1.PC,2.WAP',
  `query_height` int(5) DEFAULT '0' COMMENT '过滤模板时用，0代表不限高度',
  PRIMARY KEY (`id`)
) ENGINE=InnoDB DEFAULT CHARSET=utf8;

/*Data for the table `c_page_floor` */

insert  into `c_page_floor`(`id`,`c_floor_id`,`c_page_id`,`order`,`style`,`create_time`,`last_edit_time`,`model_type`,`term_type`,`query_height`) values ('25c5234d-d6dc-11e5-b2eb-68f728f3bf19','2521cef0-d6dc-11e5-9e36-696ec8180a69','9285f770-c0cd-11e5-834a-81c94678ca11',-2,'margin-top:0px!important;margin-bottom:0px!important;','2016-02-19 15:41:10','2016-02-19 17:24:18',1,1,0),('263676a3-d939-11e5-9939-68f728f3bf19','25a064e0-d939-11e5-8301-83db81537f55','9285f770-c0cd-11e5-834a-81c94678ca11',-3,'margin-top:0px!important;margin-bottom:0px!important;','2016-02-22 15:51:57','2016-02-22 15:51:57',1,1,0);

/*Table structure for table `c_page_layout` */

DROP TABLE IF EXISTS `c_page_layout`;

CREATE TABLE `c_page_layout` (
  `id` char(36) NOT NULL,
  `c_layout_id` char(36) DEFAULT NULL,
  `c_page_id` char(36) DEFAULT NULL,
  `project_name` varchar(80) DEFAULT NULL,
  `create_time` datetime DEFAULT NULL,
  `last_edit_time` datetime DEFAULT NULL,
  PRIMARY KEY (`id`)
) ENGINE=InnoDB DEFAULT CHARSET=utf8;

/*Data for the table `c_page_layout` */

insert  into `c_page_layout`(`id`,`c_layout_id`,`c_page_id`,`project_name`,`create_time`,`last_edit_time`) values ('52c3a92e-c0ce-11e5-8337-68f728f3bf19','da0cb100-bcdc-11e5-a880-79053797b1e5','52ddc610-c0ce-11e5-834a-81c94678ca11','aaaa','2016-01-22 14:06:49','2016-01-22 14:06:49'),('9269f052-c0cd-11e5-8337-68f728f3bf19','f9aed600-bcdc-11e5-a880-79053797b1e5','9285f770-c0cd-11e5-834a-81c94678ca11','aaa','2016-01-22 14:01:26','2016-02-24 16:16:15'),('b36e0785-c0d3-11e5-8337-68f728f3bf19','81d1e900-bcdd-11e5-a880-79053797b1e5','b377bf30-c0d3-11e5-8717-1b5a0d80752b','aa','2016-01-22 14:45:18','2016-01-22 14:45:18'),('c6fa0acc-c0cd-11e5-8337-68f728f3bf19','15613850-bcdf-11e5-a880-79053797b1e5','c7152ab0-c0cd-11e5-834a-81c94678ca11','工','2016-01-22 14:02:54','2016-01-22 14:02:54');

/*!40101 SET SQL_MODE=@OLD_SQL_MODE */;
/*!40014 SET FOREIGN_KEY_CHECKS=@OLD_FOREIGN_KEY_CHECKS */;
/*!40014 SET UNIQUE_CHECKS=@OLD_UNIQUE_CHECKS */;
/*!40111 SET SQL_NOTES=@OLD_SQL_NOTES */;
